,Agent,Supervisor,Manager,Tenure Bucket,Shift
0,Aaron Edwards,Mia Patel,Emily Chen,61-90,Evening
1,Aaron Romero,Mason Gupta,Jennifer Nguyen,On Job Training,Morning
2,Abigail Gonzalez,Jacob Sato,Jennifer Nguyen,On Job Training,Morning
3,Adam Barnett,Abigail Suzuki,Jennifer Nguyen,On Job Training,Morning
4,Adam Hammond,Olivia Suzuki,John Smith,31-60,Morning
5,Adam Henderson,Ava Wong,William Kim,On Job Training,Evening
6,Adam Hernandez,Nathan Patel,Emily Chen,0-30,Evening
7,Adam Schwartz,Alexander Tanaka,William Kim,On Job Training,Evening
8,Adam Torres,Ethan Tan,Michael Lee,31-60,Evening
9,Adrian Branch,Carter Park,Jennifer Nguyen,On Job Training,Morning
10,Adrian Johnson,Nathan Patel,Emily Chen,>90,Evening
11,Adrian Richards,Zoe Yamamoto,John Smith,>90,Morning
12,Adriana Adams,Sophia Sato,John Smith,0-30,Morning
13,Alan Cruz,Isabella Wong,Emily Chen,>90,Evening
14,Alan Davies,Ava Wong,William Kim,On Job Training,Evening
15,Alan Sweeney,Madison Kim,Michael Lee,31-60,Evening
16,Albert Thornton,Lucas Singh,John Smith,61-90,Evening
17,Alexa Mcpherson,Brayden Wong,John Smith,>90,Evening
18,Alexander Marshall,Carter Park,Michael Lee,31-60,Morning
19,Alexander Mata,Mason Gupta,Jennifer Nguyen,On Job Training,Morning
20,Alexander Saunders,Noah Patel,Michael Lee,31-60,Night
21,Alexandra Barron,Austin Johnson,Jennifer Nguyen,On Job Training,Evening
22,Alexandra Davis,Mason Gupta,Jennifer Nguyen,On Job Training,Morning
23,Alexandra Harris,Emma Park,John Smith,>90,Morning
24,Alexandra Reynolds,Zoe Yamamoto,John Smith,>90,Morning
25,Alexis Campbell,Elijah Yamaguchi,Michael Lee,>90,Afternoon
26,Alexis Murray,Brayden Wong,Jennifer Nguyen,On Job Training,Morning
27,Alexis Parrish DVM,Jacob Sato,Jennifer Nguyen,On Job Training,Morning
28,Alicia Burton,Mia Patel,Emily Chen,0-30,Evening
29,Alicia Payne,Olivia Suzuki,Jennifer Nguyen,On Job Training,Morning
30,Alicia Schultz,Lucas Singh,Jennifer Nguyen,On Job Training,Evening
31,Alisha Campos,Jacob Sato,Emily Chen,0-30,Evening
32,Alisha Goodwin,Ava Wong,William Kim,On Job Training,Evening
33,Allen Bowers,Olivia Wang,John Smith,>90,Evening
34,Allison Huang,Logan Lee,Jennifer Nguyen,On Job Training,Evening
35,Allison Mccall,Noah Patel,Michael Lee,>90,Morning
36,Allison Wheeler,Emily Yamashita,John Smith,>90,Split
37,Alyssa Ford,Carter Park,Jennifer Nguyen,On Job Training,Morning
38,Alyssa Jones,Zoe Yamamoto,John Smith,>90,Morning
39,Alyssa Mcpherson,Brayden Wong,Michael Lee,>90,Afternoon
40,Amanda Benjamin,Amelia Tanaka,Emily Chen,>90,Morning
41,Amanda Brown,Emily Yamashita,John Smith,>90,Morning
42,Amanda Cook,Emma Park,Jennifer Nguyen,On Job Training,Evening
43,Amanda Hughes,Mia Patel,Emily Chen,61-90,Evening
44,Amanda Martinez,Elijah Yamaguchi,John Smith,>90,Evening
45,Amanda Miller,Abigail Suzuki,Jennifer Nguyen,On Job Training,Morning
46,Amanda Morse,Ava Wong,Jennifer Nguyen,On Job Training,Morning
47,Amanda Proctor,Noah Patel,Emily Chen,>90,Split
48,Amanda Rodriguez,Abigail Suzuki,Jennifer Nguyen,On Job Training,Morning
49,Amanda Sloan,Elijah Yamaguchi,John Smith,>90,Evening
50,Amber Brown,Carter Park,Jennifer Nguyen,On Job Training,Morning
51,Amy Bell,Wyatt Kim,Jennifer Nguyen,On Job Training,Evening
52,Amy Berry,Elijah Yamaguchi,John Smith,>90,Evening
53,Amy Burke,Sophia Chen,William Kim,On Job Training,Morning
54,Amy Calderon,Elijah Yamaguchi,Michael Lee,31-60,Afternoon
55,Amy Campbell,Alexander Tanaka,Michael Lee,0-30,Evening
56,Amy Flores,Carter Park,Michael Lee,0-30,Morning
57,Amy Gonzalez,Logan Lee,Emily Chen,61-90,Evening
58,Amy Mendez,Sophia Sato,John Smith,0-30,Morning
59,Amy Vazquez,Elijah Yamaguchi,Michael Lee,>90,Night
60,Amy Watson,Lucas Singh,Jennifer Nguyen,On Job Training,Evening
61,Andre Adams,Carter Park,Michael Lee,31-60,Evening
62,Andre Hunter,Lily Chen,Michael Lee,>90,Morning
63,Andrea Beck,Evelyn Kimura,Jennifer Nguyen,On Job Training,Evening
64,Andrea Conley,Noah Patel,Michael Lee,31-60,Evening
65,Andrea Hart,Madison Kim,Emily Chen,>90,Split
66,Andrea Oconnor,Mason Gupta,Jennifer Nguyen,On Job Training,Morning
67,Andrea Peterson,Nathan Patel,Michael Lee,>90,Afternoon
68,Andrea Rasmussen,Austin Johnson,William Kim,On Job Training,Morning
69,Andrea Suarez,Ethan Tan,Michael Lee,>90,Evening
70,Andrea Wilkerson,Charlotte Suzuki,Jennifer Nguyen,On Job Training,Evening
71,Andrew Aguilar,Nathan Patel,Emily Chen,On Job Training,Evening
72,Andrew Barrett,Elijah Yamaguchi,John Smith,>90,Evening
73,Andrew Davis,Aiden Patel,John Smith,>90,Morning
74,Angela Booker MD,Carter Park,Jennifer Nguyen,On Job Training,Evening
75,Angela Brown,Zoe Yamamoto,Emily Chen,>90,Split
76,Angela Carlson,Wyatt Kim,Michael Lee,61-90,Afternoon
77,Angela Harris,Olivia Suzuki,Jennifer Nguyen,On Job Training,Evening
78,Angela Reid,Carter Park,Jennifer Nguyen,On Job Training,Evening
79,Angelica Williams,Ava Wong,William Kim,On Job Training,Evening
80,Angie Jackson,Ava Wong,William Kim,On Job Training,Evening
81,Anita Harris,Ethan Nakamura,Emily Chen,0-30,Evening
82,Anita Roberts,Mia Patel,Emily Chen,0-30,Evening
83,Ann English,Olivia Suzuki,Olivia Tan,On Job Training,Morning
84,Anna Brown,Abigail Suzuki,Jennifer Nguyen,On Job Training,Evening
85,Anna Lawrence,Mason Gupta,Jennifer Nguyen,On Job Training,Morning
86,Anna Miller,Landon Tanaka,Emily Chen,>90,Morning
87,Anna Thompson,Ethan Nakamura,Jennifer Nguyen,On Job Training,Morning
88,Anthony Booth,William Park,John Smith,31-60,Morning
89,Anthony Bowen,Olivia Suzuki,Jennifer Nguyen,On Job Training,Morning
90,Anthony Clark,Austin Johnson,Michael Lee,0-30,Morning
91,Anthony Cook,Noah Patel,Michael Lee,31-60,Night
92,Anthony Diaz,Elijah Yamaguchi,Emily Chen,61-90,Evening
93,Anthony Hancock,William Park,Jennifer Nguyen,On Job Training,Morning
94,Anthony Hayes,Madison Kim,Emily Chen,>90,Split
95,Anthony Jackson,Mia Patel,Jennifer Nguyen,On Job Training,Evening
96,Anthony Kerr,Emma Park,John Smith,>90,Morning
97,Anthony Moss,Noah Patel,Michael Lee,>90,Morning
98,Anthony Reeves,Nathan Patel,Michael Lee,>90,Night
99,Anthony Rocha,Emily Yamashita,Michael Lee,>90,Morning
100,Anthony Salinas,William Park,John Smith,31-60,Morning
101,Anthony Shaffer,Carter Park,Jennifer Nguyen,On Job Training,Evening
102,Anthony Sims,Zoe Yamamoto,John Smith,>90,Afternoon
103,Anthony Smith,Mia Patel,John Smith,>90,Morning
104,Anthony Taylor,Emma Park,John Smith,31-60,Morning
105,Antonio Wilson,Mia Patel,Emily Chen,>90,Evening
106,April Hall,Amelia Tanaka,Emily Chen,>90,Morning
107,Ariana Chavez,Mason Gupta,Jennifer Nguyen,On Job Training,Morning
108,Ariana Young,Abigail Suzuki,Jennifer Nguyen,On Job Training,Morning
109,Ashlee Johnson,Zoe Yamamoto,Emily Chen,>90,Split
110,Ashley Dunlap,Aiden Patel,Olivia Tan,On Job Training,Evening
111,Ashley Edwards,Ethan Tan,Michael Lee,>90,Evening
112,Ashley Espinoza,Aiden Patel,John Smith,61-90,Evening
113,Ashley Ferguson,Austin Johnson,William Kim,On Job Training,Morning
114,Ashley Hamilton,Jackson Park,William Kim,On Job Training,Evening
115,Ashley Lawson,Landon Tanaka,Jennifer Nguyen,On Job Training,Evening
116,Ashley Robinson,Emma Park,John Smith,31-60,Morning
117,Ashley Rush,Nathan Patel,Michael Lee,>90,Afternoon
118,Ashley Ward,Carter Park,Jennifer Nguyen,On Job Training,Evening
119,Ashley Yu,William Park,John Smith,61-90,Evening
120,Austin Gregory,Olivia Suzuki,John Smith,31-60,Morning
121,Austin Robinson,Logan Lee,Emily Chen,61-90,Evening
122,Belinda Fuentes,Wyatt Kim,Michael Lee,61-90,Afternoon
123,Belinda Landry,Zoe Yamamoto,William Kim,On Job Training,Morning
124,Benjamin Gomez,Elijah Yamaguchi,John Smith,61-90,Evening
125,Benjamin Lewis,Nathan Patel,John Smith,31-60,Afternoon
126,Benjamin Taylor,Mia Patel,Emily Chen,0-30,Evening
127,Bethany Lee,Olivia Suzuki,John Smith,31-60,Morning
128,Betty Harris,Lily Chen,Michael Lee,>90,Morning
129,Betty Schmidt,Evelyn Kimura,John Smith,0-30,Morning
130,Blake Davis,Amelia Tanaka,Michael Lee,31-60,Evening
131,Bob Keith,Mia Patel,Olivia Tan,0-30,Afternoon
132,Bobby Higgins,Scarlett Chen,John Smith,0-30,Morning
133,Bobby Rodriguez,Ethan Tan,John Smith,>90,Morning
134,Bonnie Durham,Austin Johnson,Michael Lee,0-30,Morning
135,Bonnie Jimenez,Logan Lee,Emily Chen,61-90,Evening
136,Bradley Johnson,Austin Johnson,William Kim,On Job Training,Morning
137,Bradley Lyons,Alexander Tanaka,Michael Lee,0-30,Evening
138,Bradley Nelson,Brayden Wong,John Smith,>90,Evening
139,Brandon Escobar,Jacob Sato,Jennifer Nguyen,On Job Training,Morning
140,Brandon Frost,Carter Park,Michael Lee,>90,Morning
141,Brandon Goodwin,Ethan Tan,Michael Lee,>90,Evening
142,Brandon Leon,Ethan Tan,William Kim,On Job Training,Morning
143,Brandon Martin,Nathan Patel,John Smith,>90,Afternoon
144,Brandon Young,Zoe Yamamoto,John Smith,>90,Morning
145,Brandy Baker,Elijah Yamaguchi,Emily Chen,61-90,Evening
146,Brandy Foley,Ethan Nakamura,Emily Chen,0-30,Evening
147,Brandy Johnson,Noah Patel,Michael Lee,>90,Morning
148,Brandy Odonnell,Zoe Yamamoto,William Kim,On Job Training,Morning
149,Brandy Shea,Carter Park,Michael Lee,>90,Evening
150,Brenda Cox,Elijah Yamaguchi,John Smith,61-90,Evening
151,Brenda Gillespie,Dylan Kim,William Kim,On Job Training,Evening
152,Brenda Suarez,Ethan Nakamura,Jennifer Nguyen,On Job Training,Morning
153,Brendan Thomas,Logan Lee,William Kim,On Job Training,Evening
154,Brent Palmer,Jacob Sato,Jennifer Nguyen,On Job Training,Morning
155,Brett Smith,Dylan Kim,Michael Lee,>90,Morning
156,Brian Barrera,Carter Park,Michael Lee,31-60,Morning
157,Brian Hines,Abigail Suzuki,William Kim,On Job Training,Morning
158,Brian Koch,Ethan Tan,Jennifer Nguyen,On Job Training,Evening
159,Brian Mcguire,Elijah Yamaguchi,Emily Chen,>90,Morning
160,Brian Pugh,Emily Yamashita,William Kim,On Job Training,Evening
161,Brian Wall,Jacob Sato,William Kim,On Job Training,Evening
162,Brian Williams,Olivia Suzuki,Jennifer Nguyen,On Job Training,Evening
163,Brian Wilson PhD,Emma Park,John Smith,31-60,Morning
164,Brian Young,Elijah Yamaguchi,Emily Chen,61-90,Morning
165,Briana Patton,Aiden Patel,John Smith,>90,Morning
166,Brianna Brown PhD,Amelia Tanaka,Michael Lee,31-60,Evening
167,Brianna Orr,Lucas Singh,John Smith,>90,Evening
168,Brianna Wolf,Mia Patel,John Smith,>90,Morning
169,Brittany Nunez,Emily Yamashita,John Smith,61-90,Evening
170,Brittany Thornton,Ethan Nakamura,Emily Chen,0-30,Evening
171,Brittany Tran,Landon Tanaka,Emily Chen,>90,Morning
172,Brittney Key,Mia Yamamoto,Jennifer Nguyen,On Job Training,Morning
173,Bruce Banks,Zoe Yamamoto,William Kim,On Job Training,Morning
174,Bruce Martin,Zoe Yamamoto,Emily Chen,>90,Split
175,Bruce Smith,Elijah Yamaguchi,Michael Lee,61-90,Afternoon
176,Caitlin Johnson,Evelyn Kimura,John Smith,0-30,Morning
177,Caleb Allen,Ava Wong,William Kim,On Job Training,Evening
178,Carl Douglas,Emily Yamashita,Michael Lee,31-60,Morning
179,Carla Anderson,Carter Park,Jennifer Nguyen,On Job Training,Morning
180,Carla Burke,Amelia Tanaka,Michael Lee,31-60,Evening
181,Carla Morgan,Nathan Patel,Emily Chen,0-30,Evening
182,Carlos Curtis,Landon Tanaka,Emily Chen,>90,Morning
183,Carmen Lyons,Ava Wong,Jennifer Nguyen,On Job Training,Morning
184,Carmen Snow,Dylan Kim,Olivia Tan,>90,Morning
185,Carmen Young,Ava Wong,William Kim,On Job Training,Evening
186,Carol Hansen,Brayden Wong,Michael Lee,>90,Afternoon
187,Carol Reid,Evelyn Kimura,John Smith,0-30,Morning
188,Carol Washington,Lucas Singh,John Smith,31-60,Evening
189,Carolyn Goodman DVM,Carter Park,Jennifer Nguyen,On Job Training,Evening
190,Carolyn Lewis,William Park,Jennifer Nguyen,On Job Training,Morning
191,Carolyn Norman,Abigail Suzuki,Jennifer Nguyen,On Job Training,Evening
192,Carolyn Reese,Madison Kim,Michael Lee,31-60,Evening
193,Carolyn Roberts,Isabella Wong,Emily Chen,>90,Evening
194,Carolyn Sullivan,Brayden Wong,Michael Lee,>90,Afternoon
195,Casey Baldwin,Ethan Nakamura,Jennifer Nguyen,On Job Training,Morning
196,Casey Holmes,William Park,John Smith,31-60,Morning
197,Casey Page,Emily Yamashita,Michael Lee,>90,Morning
198,Catherine Baird,Lily Chen,Michael Lee,>90,Morning
199,Catherine Cain,Dylan Kim,Jennifer Nguyen,On Job Training,Morning
200,Catherine Gibson,Evelyn Kimura,Jennifer Nguyen,On Job Training,Evening
201,Catherine Watkins,Jackson Park,Michael Lee,31-60,Evening
202,Cathy Harris,Charlotte Suzuki,William Kim,On Job Training,Morning
203,Chad Burns,Ava Wong,William Kim,On Job Training,Evening
204,Chad Daniel,Scarlett Chen,John Smith,>90,Morning
205,Chad Nielsen,Emma Park,John Smith,>90,Morning
206,Chad Wells,Evelyn Kimura,Jennifer Nguyen,On Job Training,Morning
207,Charles Huff,Landon Tanaka,Emily Chen,>90,Split
208,Charles Moore,Nathan Patel,Jennifer Nguyen,On Job Training,Evening
209,Charles Morales,Zoe Yamamoto,John Smith,>90,Morning
210,Charles Nelson,Austin Johnson,William Kim,On Job Training,Morning
211,Charles Williamson,Logan Lee,Emily Chen,0-30,Evening
212,Charlotte Jacobs,Madison Kim,Michael Lee,31-60,Evening
213,Charlotte Thomas,Mia Patel,Emily Chen,>90,Evening
214,Chelsea Crawford,Carter Park,Jennifer Nguyen,On Job Training,Evening
215,Chelsea Johnson,Mia Patel,Emily Chen,0-30,Evening
216,Chelsey Hodges,Nathan Patel,Jennifer Nguyen,On Job Training,Evening
217,Cheryl Rice,Lucas Singh,John Smith,>90,Evening
218,Chloe Roberts,Jacob Sato,Emily Chen,61-90,Evening
219,Chris Davenport,Brayden Wong,John Smith,>90,Evening
220,Chris White,Lily Chen,Jennifer Nguyen,On Job Training,Morning
221,Christian Armstrong,Wyatt Kim,Michael Lee,>90,Evening
222,Christina Bolton,Ava Wong,William Kim,On Job Training,Evening
223,Christina Chavez,Carter Park,Michael Lee,>90,Evening
224,Christina Hines MD,Zoe Yamamoto,William Kim,On Job Training,Morning
225,Christina Lewis,Aiden Patel,John Smith,>90,Evening
226,Christina Lopez,Isabella Wong,Emily Chen,>90,Split
227,Christine Castro,Zoe Yamamoto,John Smith,>90,Morning
228,Christine Fuller,Logan Lee,Jennifer Nguyen,On Job Training,Evening
229,Christine Gray,Logan Lee,Emily Chen,0-30,Evening
230,Christine Jackson,Abigail Suzuki,Jennifer Nguyen,On Job Training,Evening
231,Christine Lewis,Emma Park,John Smith,31-60,Afternoon
232,Christine Myers,Olivia Wang,Emily Chen,31-60,Evening
233,Christopher Anderson,Mason Gupta,Olivia Tan,0-30,Afternoon
234,Christopher Brown,Aiden Patel,Olivia Tan,On Job Training,Evening
235,Christopher Chan,Ava Wong,Jennifer Nguyen,On Job Training,Morning
236,Christopher Dean,Aiden Patel,Olivia Tan,On Job Training,Evening
237,Christopher Harris,Wyatt Kim,William Kim,On Job Training,Morning
238,Christopher Jones,Evelyn Kimura,Jennifer Nguyen,On Job Training,Evening
239,Christopher Lang,Jackson Park,William Kim,On Job Training,Evening
240,Christopher Mcintosh,Oliver Nguyen,John Smith,>90,Morning
241,Christopher Meyers,Mia Patel,William Kim,On Job Training,Evening
242,Christopher Moore Jr.,Carter Park,Michael Lee,>90,Morning
243,Christopher Murphy,Scarlett Chen,John Smith,0-30,Morning
244,Christopher Obrien,Noah Patel,Michael Lee,>90,Morning
245,Christopher Rice,Carter Park,Michael Lee,>90,Morning
246,Christopher Roberson,Jacob Sato,Jennifer Nguyen,On Job Training,Morning
247,Christopher Sanchez,Austin Johnson,Michael Lee,0-30,Morning
248,Christopher Schneider,Nathan Patel,Jennifer Nguyen,On Job Training,Evening
249,Christopher Schultz,William Park,Jennifer Nguyen,On Job Training,Morning
250,Christopher Smith,Ava Wong,William Kim,On Job Training,Evening
251,Cindy Kerr,Alexander Tanaka,Michael Lee,0-30,Evening
252,Cindy Stewart,Logan Lee,Emily Chen,61-90,Evening
253,Claudia Jones,Evelyn Kimura,John Smith,0-30,Morning
254,Claudia Massey,Jacob Sato,Emily Chen,61-90,Evening
255,Cody Nielsen,Emily Yamashita,Michael Lee,61-90,Morning
256,Cody Perez,Harper Wong,William Kim,On Job Training,Evening
257,Cody Peters,Abigail Suzuki,William Kim,On Job Training,Morning
258,Cole Carlson,Ava Wong,William Kim,On Job Training,Evening
259,Cole Moore,Emma Park,John Smith,31-60,Morning
260,Colleen Hall,Landon Tanaka,John Smith,>90,Split
261,Colleen Morton,Zoe Yamamoto,John Smith,>90,Afternoon
262,Colleen Savage,Ava Wong,William Kim,On Job Training,Evening
263,Connor Jackson,Ethan Tan,Michael Lee,31-60,Evening
264,Corey Brown,Nathan Patel,Jennifer Nguyen,On Job Training,Evening
265,Corey Gibson,Alexander Tanaka,Michael Lee,0-30,Evening
266,Corey Hernandez,Abigail Suzuki,William Kim,On Job Training,Morning
267,Cory Collins,Mia Yamamoto,Emily Chen,>90,Evening
268,Courtney Richardson,Logan Lee,Emily Chen,61-90,Evening
269,Courtney Wolf,Lily Chen,Michael Lee,>90,Morning
270,Craig Fuller,Charlotte Suzuki,William Kim,On Job Training,Morning
271,Craig Gonzales,Dylan Kim,Jennifer Nguyen,On Job Training,Morning
272,Craig Hall,Harper Wong,Emily Chen,>90,Split
273,Craig Henderson,Brayden Wong,John Smith,>90,Evening
274,Craig Ruiz,Carter Park,Jennifer Nguyen,On Job Training,Morning
275,Cristina Harris,Jacob Sato,Jennifer Nguyen,On Job Training,Morning
276,Crystal Davis,Wyatt Kim,Jennifer Nguyen,On Job Training,Evening
277,Crystal Dunlap,Abigail Suzuki,Jennifer Nguyen,On Job Training,Morning
278,Crystal Walsh,Olivia Suzuki,Jennifer Nguyen,On Job Training,Morning
279,Curtis Diaz,Nathan Patel,Jennifer Nguyen,On Job Training,Evening
280,Curtis Hill,Emma Park,John Smith,>90,Morning
281,Curtis Mccarthy,Zoe Yamamoto,John Smith,>90,Morning
282,Cynthia Mills,William Park,John Smith,31-60,Morning
283,Cynthia Sheppard,Olivia Wang,Emily Chen,31-60,Evening
284,Dakota Collins,Logan Lee,Emily Chen,61-90,Evening
285,Dalton Oneal,Noah Patel,Michael Lee,31-60,Evening
286,Dana Bridges,Mason Gupta,Jennifer Nguyen,On Job Training,Morning
287,Dana Smith,Mason Gupta,Jennifer Nguyen,On Job Training,Morning
288,Dana Taylor,Aiden Patel,John Smith,>90,Morning
289,Daniel Ball,Ethan Nakamura,Olivia Tan,>90,Morning
290,Daniel Dalton,Elijah Yamaguchi,Emily Chen,61-90,Evening
291,Daniel Davis,Madison Kim,John Smith,>90,Morning
292,Daniel Duncan,Emily Yamashita,Michael Lee,>90,Morning
293,Daniel Henderson,Noah Patel,Michael Lee,>90,Morning
294,Daniel Jones,Olivia Suzuki,Jennifer Nguyen,On Job Training,Morning
295,Daniel Martin,Olivia Suzuki,Olivia Tan,>90,Morning
296,Daniel Martinez,Ethan Tan,Michael Lee,31-60,Evening
297,Daniel May,William Park,Jennifer Nguyen,On Job Training,Morning
298,Daniel Murphy,Noah Patel,Michael Lee,>90,Morning
299,Daniel Silva,Ava Wong,William Kim,On Job Training,Evening
300,Daniel Simon,Olivia Suzuki,John Smith,31-60,Morning
301,Daniel Woods,Logan Lee,Emily Chen,61-90,Evening
302,Danielle Morris,Emma Park,Jennifer Nguyen,On Job Training,Evening
303,Danielle Williams,Sophia Sato,John Smith,>90,Afternoon
304,Danny Li,Nathan Patel,Jennifer Nguyen,On Job Training,Evening
305,Darren Hoffman,Elijah Yamaguchi,John Smith,>90,Evening
306,Darren Watson,Logan Lee,Emily Chen,0-30,Evening
307,Daryl Martin,Aiden Patel,John Smith,>90,Morning
308,David Butler,Olivia Wang,Emily Chen,31-60,Evening
309,David Byrd,Emma Park,Jennifer Nguyen,On Job Training,Evening
310,David Clarke DDS,Landon Tanaka,John Smith,>90,Morning
311,David Copeland,Ava Wong,Jennifer Nguyen,On Job Training,Morning
312,David Garcia,Sophia Sato,John Smith,>90,Split
313,David Guerra,Ava Wong,Olivia Tan,>90,Morning
314,David Harrell,Carter Park,Jennifer Nguyen,On Job Training,Morning
315,David Martin,Emily Yamashita,Michael Lee,>90,Morning
316,David Mayer,Emma Park,Jennifer Nguyen,On Job Training,Evening
317,David Meyers,Isabella Wong,Emily Chen,>90,Afternoon
318,David Meza MD,Olivia Suzuki,John Smith,31-60,Morning
319,David Michael,Lily Chen,Michael Lee,>90,Morning
320,David Parker,Harper Wong,Emily Chen,31-60,Afternoon
321,David Perez,Lily Chen,Michael Lee,>90,Evening
322,David Reed,Madison Kim,John Smith,>90,Morning
323,David Rojas,Olivia Suzuki,Jennifer Nguyen,On Job Training,Evening
324,David Smith,Nathan Patel,John Smith,>90,Split
325,David Steele,Mason Gupta,Jennifer Nguyen,On Job Training,Morning
326,David Taylor,Carter Park,Michael Lee,>90,Evening
327,David Todd,Noah Patel,Michael Lee,31-60,Evening
328,David Warren,Elijah Yamaguchi,Emily Chen,>90,Morning
329,David Weaver,Lily Chen,Michael Lee,>90,Evening
330,David Williamson,Carter Park,Jennifer Nguyen,On Job Training,Evening
331,Dawn Boyd,Olivia Suzuki,John Smith,31-60,Morning
332,Dawn Brown,Amelia Tanaka,Michael Lee,31-60,Evening
333,Dawn Copeland,Jacob Sato,Emily Chen,0-30,Evening
334,Dawn Holloway,Jacob Sato,Emily Chen,0-30,Evening
335,Dawn Porter,Jacob Sato,Jennifer Nguyen,On Job Training,Evening
336,Dawn Whitaker,Austin Johnson,Michael Lee,0-30,Morning
337,Deanna Wright,Jackson Park,William Kim,On Job Training,Morning
338,Debbie Gomez,Evelyn Kimura,Jennifer Nguyen,On Job Training,Evening
339,Debbie Johnson,Emily Yamashita,Michael Lee,>90,Morning
340,Deborah Brown,Ava Wong,Jennifer Nguyen,On Job Training,Evening
341,Deborah Smith,Elijah Yamaguchi,Emily Chen,61-90,Split
342,Debra Brown,Zoe Yamamoto,John Smith,>90,Morning
343,Debra Hanson,Alexander Tanaka,Jennifer Nguyen,On Job Training,Morning
344,Denise Rodriguez,Scarlett Chen,John Smith,0-30,Morning
345,Dennis Campbell,Harper Wong,William Kim,On Job Training,Evening
346,Dennis Miller,Layla Taniguchi,Emily Chen,>90,Morning
347,Desiree Newton,Emma Park,John Smith,0-30,Morning
348,Desiree Torres,Noah Patel,Michael Lee,31-60,Evening
349,Devon Daniel,Olivia Wang,Olivia Tan,0-30,Afternoon
350,Diana Dudley,Logan Lee,Jennifer Nguyen,On Job Training,Morning
351,Diana Sanchez,William Park,John Smith,0-30,Morning
352,Diana Solomon,Wyatt Kim,William Kim,On Job Training,Morning
353,Diana Terry,Emily Yamashita,John Smith,>90,Morning
354,Diana Thomas,Landon Tanaka,Jennifer Nguyen,On Job Training,Evening
355,Diana White,Layla Taniguchi,Emily Chen,>90,Morning
356,Dillon Miller,Mason Gupta,Olivia Tan,0-30,Morning
357,Dominique Roberts,Ava Wong,Olivia Tan,>90,Morning
358,Donald Hunt,Lucas Singh,John Smith,31-60,Evening
359,Donald Jordan,Mia Patel,Emily Chen,>90,Evening
360,Donna Gilmore,Scarlett Chen,John Smith,0-30,Morning
361,Donna Jenkins,Jackson Park,William Kim,On Job Training,Evening
362,Donna Lee,Sophia Sato,Jennifer Nguyen,On Job Training,Morning
363,Donna Miller,Logan Lee,Emily Chen,61-90,Evening
364,Douglas Pitts,Abigail Suzuki,Jennifer Nguyen,On Job Training,Evening
365,Douglas Savage,Jackson Park,John Smith,>90,Morning
366,Douglas Smith,Brayden Wong,John Smith,>90,Evening
367,Douglas Tucker,Madison Kim,Emily Chen,>90,Split
368,Dr. Andrew Bowers,Wyatt Kim,Jennifer Nguyen,On Job Training,Morning
369,Dr. Heather Lewis,Elijah Yamaguchi,Emily Chen,61-90,Evening
370,Duane Norman,Jackson Park,William Kim,On Job Training,Evening
371,Dustin Deleon,Evelyn Kimura,John Smith,0-30,Morning
372,Dylan Day,Brayden Wong,John Smith,61-90,Evening
373,Dylan Mercer,Zoe Yamamoto,William Kim,On Job Training,Morning
374,Dylan Stevens,Emma Park,Jennifer Nguyen,On Job Training,Evening
375,Edward Dalton,Wyatt Kim,Michael Lee,31-60,Afternoon
376,Edward Hawkins,Nathan Patel,Emily Chen,>90,Evening
377,Edward Moreno,Mia Patel,John Smith,>90,Morning
378,Edward Perez,Olivia Wang,Olivia Tan,>90,Morning
379,Edward Taylor,Olivia Wang,Emily Chen,31-60,Evening
380,Edwin Wilson,Ethan Tan,Michael Lee,>90,Evening
381,Elijah Henderson,Elijah Yamaguchi,John Smith,61-90,Evening
382,Elijah Hoffman,Carter Park,Jennifer Nguyen,On Job Training,Morning
383,Elizabeth Brown,Brayden Wong,Michael Lee,>90,Afternoon
384,Elizabeth Collins,Madison Kim,Michael Lee,31-60,Evening
385,Elizabeth Garcia,Madison Kim,John Smith,>90,Afternoon
386,Elizabeth Guerra,Nathan Patel,Jennifer Nguyen,On Job Training,Evening
387,Elizabeth Lara,Dylan Kim,Michael Lee,>90,Morning
388,Elizabeth Lopez,Mia Patel,Emily Chen,>90,Evening
389,Elizabeth Macias,Lily Chen,Michael Lee,>90,Evening
390,Elizabeth Mills,Lucas Singh,John Smith,>90,Evening
391,Elizabeth Reid,Charlotte Suzuki,Jennifer Nguyen,On Job Training,Evening
392,Elizabeth Rivera,Aiden Patel,John Smith,>90,Morning
393,Elizabeth Rose,Emma Park,John Smith,>90,Morning
394,Elizabeth Williams,Madison Kim,John Smith,>90,Split
395,Emily Hernandez,Zoe Yamamoto,Emily Chen,>90,Afternoon
396,Emily Mckenzie,Amelia Tanaka,Emily Chen,>90,Split
397,Emily Sharp,Austin Johnson,Michael Lee,0-30,Morning
398,Emma Wyatt,Aiden Patel,Olivia Tan,On Job Training,Evening
399,Eric Bowen,Amelia Tanaka,Michael Lee,31-60,Evening
400,Eric Dunn MD,Jackson Park,William Kim,On Job Training,Evening
401,Eric Miller MD,Landon Tanaka,Emily Chen,>90,Morning
402,Eric Nixon MD,Olivia Suzuki,Jennifer Nguyen,On Job Training,Morning
403,Eric Smith,Mason Gupta,Jennifer Nguyen,On Job Training,Morning
404,Eric Williams,Ethan Nakamura,Jennifer Nguyen,On Job Training,Morning
405,Erica Harris,Carter Park,Michael Lee,31-60,Morning
406,Erik Williams,Mia Patel,Olivia Tan,>90,Morning
407,Erika Black,Scarlett Chen,John Smith,0-30,Morning
408,Erika Nelson,Jackson Park,William Kim,On Job Training,Evening
409,Erin Fischer,Abigail Suzuki,Jennifer Nguyen,On Job Training,Evening
410,Erin Kemp,Ava Wong,William Kim,On Job Training,Evening
411,Erin Le,Logan Lee,Emily Chen,61-90,Evening
412,Erin Meadows,Mia Patel,Jennifer Nguyen,On Job Training,Evening
413,Erin Smith MD,Evelyn Kimura,John Smith,0-30,Morning
414,Ernest Harrington,Zoe Yamamoto,Emily Chen,>90,Afternoon
415,Evan Ramsey,Ethan Tan,John Smith,>90,Morning
416,Evelyn Petersen,Olivia Wang,Olivia Tan,0-30,Morning
417,Evelyn Stevens,Aiden Patel,Olivia Tan,On Job Training,Evening
418,Frank Garza,Mia Patel,William Kim,On Job Training,Evening
419,Frank Kelley,Ava Wong,William Kim,On Job Training,Evening
420,Franklin Bradley,Ava Wong,Jennifer Nguyen,On Job Training,Morning
421,Franklin Dixon,Emily Yamashita,John Smith,>90,Morning
422,Fred Newman,Amelia Tanaka,Michael Lee,>90,Morning
423,Frederick Cook,Scarlett Chen,John Smith,0-30,Morning
424,Gabriel Campos,Abigail Suzuki,William Kim,On Job Training,Morning
425,Gabriel Hansen,Aiden Patel,John Smith,>90,Morning
426,Garrett Kim,Elijah Yamaguchi,John Smith,>90,Evening
427,Garrett Parker,Wyatt Kim,Michael Lee,>90,Evening
428,George Gallagher,Emily Yamashita,Michael Lee,>90,Morning
429,Gilbert Johns,Zoe Yamamoto,William Kim,On Job Training,Morning
430,Gina Henderson,Olivia Wang,Emily Chen,31-60,Evening
431,Gina Richards,Logan Lee,Emily Chen,61-90,Evening
432,Glenda Powell,Madison Kim,Emily Chen,>90,Split
433,Gloria Walker,Noah Patel,Emily Chen,>90,Split
434,Gordon Jones,Austin Johnson,Michael Lee,0-30,Morning
435,Grace Martin,Jacob Sato,Emily Chen,0-30,Evening
436,Gregg Perez,Olivia Suzuki,Jennifer Nguyen,On Job Training,Morning
437,Gregory Andrews,Mason Gupta,Jennifer Nguyen,On Job Training,Morning
438,Gregory Becker,Abigail Suzuki,Jennifer Nguyen,On Job Training,Morning
439,Gregory Davenport,Charlotte Suzuki,Jennifer Nguyen,On Job Training,Evening
440,Gregory Jackson,Scarlett Chen,John Smith,0-30,Morning
441,Gregory Mills,Carter Park,Michael Lee,31-60,Morning
442,Gregory Morales,Wyatt Kim,William Kim,On Job Training,Morning
443,Gregory Robinson,Brayden Wong,John Smith,>90,Morning
444,Guy Duncan,Carter Park,Jennifer Nguyen,On Job Training,Morning
445,Haley Carroll,William Park,John Smith,61-90,Evening
446,Haley Chambers DDS,Brayden Wong,John Smith,>90,Evening
447,Haley White,Harper Wong,William Kim,On Job Training,Evening
448,Hannah Harding,Abigail Suzuki,Jennifer Nguyen,On Job Training,Evening
449,Hannah Miller,Harper Wong,William Kim,On Job Training,Evening
450,Hayley Smith,Noah Patel,Emily Chen,>90,Split
451,Heather Baker,Mason Gupta,Jennifer Nguyen,On Job Training,Morning
452,Heidi Blackwell,Noah Patel,Michael Lee,>90,Morning
453,Henry Hill,Nathan Patel,Michael Lee,>90,Afternoon
454,Henry Melendez,Abigail Suzuki,William Kim,On Job Training,Morning
455,Herbert Rodriguez,Brayden Wong,Jennifer Nguyen,On Job Training,Morning
456,Holly Glover,Nathan Patel,Jennifer Nguyen,On Job Training,Evening
457,Holly Huang,Charlotte Suzuki,William Kim,On Job Training,Morning
458,Holly King,Zoe Yamamoto,Olivia Tan,>90,Morning
459,Hunter Hoffman,Brayden Wong,John Smith,>90,Morning
460,Ian Boone,Lily Chen,Jennifer Nguyen,On Job Training,Morning
461,Ian Hall,Jackson Park,William Kim,On Job Training,Morning
462,Jackson Brown,Mia Patel,William Kim,On Job Training,Evening
463,Jaclyn Fields,Madison Kim,John Smith,61-90,Morning
464,Jacob Arnold,William Park,John Smith,61-90,Evening
465,Jacob Hendricks,Logan Lee,Emily Chen,61-90,Evening
466,Jacob Hester,Emily Yamashita,John Smith,>90,Morning
467,Jacob Mitchell,Scarlett Chen,John Smith,0-30,Morning
468,Jacob Moore,Ava Wong,Jennifer Nguyen,On Job Training,Morning
469,Jacob Mueller,Emily Yamashita,Michael Lee,>90,Morning
470,Jacob Reynolds,Wyatt Kim,Michael Lee,61-90,Afternoon
471,Jacob Robertson Jr.,Emily Yamashita,Michael Lee,>90,Morning
472,Jacob Schroeder,Brayden Wong,Michael Lee,>90,Afternoon
473,Jacqueline Edwards,Carter Park,Michael Lee,31-60,Evening
474,Jacqueline Glover,Jackson Park,William Kim,On Job Training,Evening
475,Jacqueline Meadows,Ethan Nakamura,Emily Chen,0-30,Evening
476,Jacqueline Roberts,Carter Park,Michael Lee,31-60,Evening
477,Jacqueline Santiago,Evelyn Kimura,John Smith,0-30,Morning
478,Jaime Henderson,Evelyn Kimura,Jennifer Nguyen,On Job Training,Evening
479,Jake Castro,Noah Patel,Michael Lee,>90,Morning
480,Jake Chapman,Wyatt Kim,Jennifer Nguyen,On Job Training,Morning
481,James Abbott,Mason Gupta,Jennifer Nguyen,On Job Training,Morning
482,James Barr,Olivia Suzuki,Olivia Tan,On Job Training,Morning
483,James Blackwell,Jackson Park,William Kim,On Job Training,Evening
484,James Blevins,Lucas Singh,Jennifer Nguyen,On Job Training,Evening
485,James Chung,Oliver Nguyen,John Smith,>90,Morning
486,James Cunningham,Emma Park,Jennifer Nguyen,On Job Training,Evening
487,James Duncan,Olivia Suzuki,Jennifer Nguyen,On Job Training,Morning
488,James Ford,Emily Yamashita,Michael Lee,>90,Morning
489,James Howard,Ethan Nakamura,Jennifer Nguyen,On Job Training,Morning
490,James Jordan,Aiden Patel,John Smith,31-60,Morning
491,James Lopez,Jackson Park,William Kim,On Job Training,Evening
492,James Mcgee,Madison Kim,John Smith,>90,Morning
493,James Padilla,Brayden Wong,Jennifer Nguyen,On Job Training,Morning
494,James Pineda,Ava Wong,Jennifer Nguyen,On Job Training,Morning
495,James Pollard,Ethan Tan,William Kim,On Job Training,Morning
496,James Potter,Zoe Yamamoto,William Kim,On Job Training,Morning
497,James Tran,Jacob Sato,Jennifer Nguyen,On Job Training,Morning
498,James Vargas,Jackson Park,William Kim,On Job Training,Evening
499,James Williams,Brayden Wong,John Smith,>90,Evening
500,Jamie Burnett,Mia Patel,Olivia Tan,0-30,Morning
501,Jamie Butler,Ava Wong,Jennifer Nguyen,On Job Training,Morning
502,Jamie Knapp,Isabella Wong,Emily Chen,>90,Split
503,Jamie Smith,Scarlett Chen,John Smith,0-30,Morning
504,Janet Jackson,Nathan Patel,Michael Lee,>90,Night
505,Janet Maxwell,Landon Tanaka,John Smith,>90,Split
506,Janet Shea,Emma Park,Olivia Tan,>90,Morning
507,Janet Turner,Layla Taniguchi,Emily Chen,31-60,Morning
508,Janice Cole,Zoe Yamamoto,William Kim,On Job Training,Morning
509,Janice Santiago,Zoe Yamamoto,William Kim,On Job Training,Morning
510,Jared Scott,Zoe Yamamoto,William Kim,On Job Training,Morning
511,Jasmin Rasmussen,Abigail Suzuki,Jennifer Nguyen,On Job Training,Morning
512,Jasmine Maxwell,Olivia Wang,Olivia Tan,>90,Morning
513,Jasmine Reed,Emily Yamashita,John Smith,61-90,Evening
514,Jason Glover,William Park,John Smith,61-90,Evening
515,Jason Osborn,Abigail Suzuki,William Kim,On Job Training,Morning
516,Jason Park,Harper Wong,William Kim,On Job Training,Evening
517,Jason Wilson,Zoe Yamamoto,John Smith,>90,Morning
518,Jean Marshall,Elijah Yamaguchi,Emily Chen,>90,Morning
519,Jeff Lowery,Charlotte Suzuki,William Kim,On Job Training,Morning
520,Jeffery Galvan,Abigail Suzuki,Jennifer Nguyen,On Job Training,Morning
521,Jeffrey Byrd,Harper Wong,William Kim,On Job Training,Evening
522,Jeffrey Miller,Elijah Yamaguchi,Michael Lee,>90,Afternoon
523,Jeffrey Parker,Nathan Patel,Michael Lee,>90,Morning
524,Jeffrey Ross,Isabella Wong,Emily Chen,>90,Afternoon
525,Jeffrey White,Olivia Suzuki,John Smith,31-60,Morning
526,Jenna Henry,Lily Chen,Michael Lee,>90,Evening
527,Jenna Jacobson,Nathan Patel,Jennifer Nguyen,On Job Training,Evening
528,Jenna Larson,Emily Yamashita,John Smith,61-90,Evening
529,Jenna Moore,Aiden Patel,John Smith,>90,Morning
530,Jenna Rivas,Mia Patel,John Smith,>90,Morning
531,Jennifer Cline,Logan Lee,Jennifer Nguyen,On Job Training,Evening
532,Jennifer Cox,Evelyn Kimura,John Smith,0-30,Morning
533,Jennifer Cruz,Noah Patel,Emily Chen,>90,Morning
534,Jennifer Day,Jackson Park,John Smith,>90,Morning
535,Jennifer Duke,Mia Patel,John Smith,31-60,Morning
536,Jennifer Hernandez,Lily Chen,Michael Lee,>90,Morning
537,Jennifer James,Jackson Park,William Kim,On Job Training,Evening
538,Jennifer Jones,Lucas Singh,Jennifer Nguyen,On Job Training,Evening
539,Jennifer Lewis,Madison Kim,John Smith,>90,Morning
540,Jennifer Martinez,Austin Johnson,Michael Lee,0-30,Morning
541,Jennifer May,Zoe Yamamoto,William Kim,On Job Training,Morning
542,Jennifer Moore,Nathan Patel,Jennifer Nguyen,On Job Training,Evening
543,Jennifer Morales,William Park,John Smith,31-60,Morning
544,Jennifer Morris,Olivia Suzuki,Jennifer Nguyen,On Job Training,Morning
545,Jennifer Munoz,Aiden Patel,John Smith,61-90,Morning
546,Jennifer Perry,Mia Patel,Olivia Tan,>90,Morning
547,Jennifer Vazquez,Mason Gupta,Jennifer Nguyen,On Job Training,Morning
548,Jennifer Webster,Evelyn Kimura,Jennifer Nguyen,On Job Training,Evening
549,Jenny Nicholson,Landon Tanaka,John Smith,>90,Morning
550,Jeremy Bates,Carter Park,Jennifer Nguyen,On Job Training,Morning
551,Jeremy Cooper,Brayden Wong,John Smith,>90,Morning
552,Jeremy George,William Park,John Smith,31-60,Morning
553,Jeremy Little,Austin Johnson,William Kim,On Job Training,Morning
554,Jerome Gray,Sophia Sato,John Smith,0-30,Morning
555,Jerry Duffy,Carter Park,Michael Lee,>90,Morning
556,Jerry Green,Abigail Suzuki,Jennifer Nguyen,On Job Training,Morning
557,Jerry Rodriguez,Madison Kim,Michael Lee,31-60,Evening
558,Jesse Blevins,Austin Johnson,William Kim,On Job Training,Morning
559,Jesse Davis,Ethan Nakamura,Jennifer Nguyen,On Job Training,Morning
560,Jesse Miller,Emily Yamashita,John Smith,>90,Morning
561,Jesse Shaffer,Ethan Tan,John Smith,>90,Morning
562,Jessica Acosta,Ethan Tan,John Smith,>90,Morning
563,Jessica Allen,Abigail Suzuki,Jennifer Nguyen,On Job Training,Evening
564,Jessica Cook,Ethan Tan,Michael Lee,>90,Evening
565,Jessica Daugherty,Emily Yamashita,John Smith,>90,Split
566,Jessica Fisher,Zoe Yamamoto,John Smith,31-60,Afternoon
567,Jessica Hahn,Madison Kim,Emily Chen,>90,Split
568,Jessica Henderson,Wyatt Kim,Michael Lee,31-60,Evening
569,Jessica Jones,William Park,John Smith,31-60,Morning
570,Jessica Kelly,Landon Tanaka,Emily Chen,>90,Split
571,Jessica Mcbride,Olivia Wang,Olivia Tan,0-30,Afternoon
572,Jessica Nixon,Harper Wong,Emily Chen,>90,Split
573,Jessica Powell,Carter Park,Jennifer Nguyen,On Job Training,Morning
574,Jessica Sanders,Charlotte Suzuki,Olivia Tan,>90,Morning
575,Jessica Santos,Elijah Yamaguchi,Emily Chen,31-60,Split
576,Jessica Sawyer,Carter Park,Jennifer Nguyen,On Job Training,Morning
577,Jessica Williams,Lucas Singh,John Smith,31-60,Evening
578,Jessica Wright,Emma Park,John Smith,>90,Morning
579,Jill Bird,Logan Lee,Jennifer Nguyen,On Job Training,Evening
580,Jillian Kim,Ethan Tan,William Kim,On Job Training,Morning
581,Joanna Wright,Logan Lee,Emily Chen,61-90,Evening
582,Joe Chapman,Sophia Chen,Jennifer Nguyen,On Job Training,Evening
583,Joe Walls,Mason Gupta,Jennifer Nguyen,On Job Training,Morning
584,Joel Garcia,Mia Patel,Emily Chen,>90,Evening
585,Joel Marsh,Madison Kim,Michael Lee,31-60,Evening
586,John Adkins,Evelyn Kimura,Jennifer Nguyen,On Job Training,Evening
587,John Bailey,Dylan Kim,Michael Lee,>90,Morning
588,John Barrett,Aiden Patel,John Smith,>90,Morning
589,John Bell,Ava Wong,William Kim,On Job Training,Evening
590,John Buchanan,Noah Patel,Emily Chen,>90,Split
591,John Carrillo,Brayden Wong,John Smith,61-90,Morning
592,John Dean,Ethan Nakamura,Jennifer Nguyen,On Job Training,Morning
593,John Gonzalez,Noah Patel,Michael Lee,31-60,Night
594,John Gordon,Zoe Yamamoto,William Kim,On Job Training,Morning
595,John Green,Jackson Park,William Kim,On Job Training,Evening
596,John Hoffman,Scarlett Chen,John Smith,>90,Morning
597,John Jones,Aiden Patel,John Smith,>90,Morning
598,John Joseph,Nathan Patel,Emily Chen,0-30,Evening
599,John Mccall,Isabella Wong,Emily Chen,>90,Afternoon
600,John Miller,Emma Park,Jennifer Nguyen,On Job Training,Evening
601,John Nelson,Layla Taniguchi,Emily Chen,>90,Morning
602,John Oneill,Aiden Patel,Olivia Tan,On Job Training,Evening
603,John Perry,Olivia Suzuki,Jennifer Nguyen,On Job Training,Morning
604,John Ramirez,Brayden Wong,Jennifer Nguyen,On Job Training,Morning
605,John Richardson,Dylan Kim,Michael Lee,>90,Morning
606,John Rivera,Zoe Yamamoto,John Smith,>90,Afternoon
607,John Robinson,Nathan Patel,Michael Lee,>90,Afternoon
608,John Thompson,Mia Patel,John Smith,>90,Morning
609,John Torres,Harper Wong,William Kim,On Job Training,Evening
610,John Wells,Noah Patel,Michael Lee,61-90,Night
611,Jon Lopez,Olivia Wang,John Smith,>90,Evening
612,Jon Moore,Ava Wong,William Kim,On Job Training,Evening
613,Jonathan Davies,Landon Tanaka,Jennifer Nguyen,On Job Training,Evening
614,Jonathan Fitzgerald,Amelia Tanaka,Michael Lee,31-60,Evening
615,Jonathan King,Nathan Patel,John Smith,>90,Split
616,Jonathan Larsen,Layla Taniguchi,Emily Chen,>90,Morning
617,Jonathan Moore,Zoe Yamamoto,John Smith,>90,Morning
618,Jonathan Wilson,Scarlett Chen,John Smith,0-30,Morning
619,Jonathan Wright,Olivia Suzuki,Olivia Tan,On Job Training,Morning
620,Jordan Wilson,Abigail Suzuki,Jennifer Nguyen,On Job Training,Morning
621,Jorge Ingram,Elijah Yamaguchi,Emily Chen,>90,Split
622,Jorge Williams,Lily Chen,William Kim,On Job Training,Morning
623,Jose Herrera,Evelyn Kimura,John Smith,0-30,Morning
624,Jose Jordan,Olivia Suzuki,John Smith,31-60,Morning
625,Jose Pruitt,Zoe Yamamoto,William Kim,On Job Training,Morning
626,Jose Roberts,Charlotte Suzuki,Jennifer Nguyen,On Job Training,Evening
627,Joseph Benson,Brayden Wong,Michael Lee,>90,Afternoon
628,Joseph Bradley,Aiden Patel,John Smith,61-90,Evening
629,Joseph Brown,Brayden Wong,Olivia Tan,>90,Morning
630,Joseph Gibson,Layla Taniguchi,Emily Chen,>90,Morning
631,Joseph Harper,Noah Patel,Michael Lee,>90,Morning
632,Joseph Harris,Nathan Patel,John Smith,>90,Split
633,Joseph Hines,Emma Park,Jennifer Nguyen,On Job Training,Evening
634,Joseph Hudson,Harper Wong,William Kim,On Job Training,Evening
635,Joseph Padilla,Madison Kim,Michael Lee,31-60,Evening
636,Joseph Smith,William Park,John Smith,31-60,Morning
637,Joshua Bradshaw,Carter Park,Michael Lee,31-60,Morning
638,Joshua Christensen,Ava Wong,William Kim,>90,Morning
639,Joshua Day,Emily Yamashita,Olivia Tan,>90,Morning
640,Joshua Foster,Jackson Park,Michael Lee,31-60,Evening
641,Joshua Franklin,Mia Patel,Emily Chen,0-30,Evening
642,Joshua Greene,Scarlett Chen,John Smith,0-30,Morning
643,Joshua Mathews,Mia Patel,John Smith,>90,Morning
644,Joshua Mccarthy,Olivia Suzuki,John Smith,31-60,Morning
645,Joshua Oliver,William Park,Jennifer Nguyen,On Job Training,Morning
646,Joshua Ortiz,Ava Wong,Jennifer Nguyen,On Job Training,Morning
647,Joshua Rodriguez,Jackson Park,William Kim,On Job Training,Evening
648,Joshua Rose,Landon Tanaka,Emily Chen,>90,Morning
649,Joshua Stewart,Sophia Sato,John Smith,>90,Afternoon
650,Joshua Underwood,Carter Park,Michael Lee,>90,Evening
651,Joshua Valdez,Elijah Yamaguchi,Emily Chen,>90,Morning
652,Joshua Watson,Noah Patel,Emily Chen,>90,Split
653,Joshua Webb,Brayden Wong,John Smith,>90,Evening
654,Juan Moore,Mason Gupta,Jennifer Nguyen,On Job Training,Morning
655,Juan Snyder,Landon Tanaka,John Smith,>90,Morning
656,Judith Wyatt,Evelyn Kimura,John Smith,0-30,Morning
657,Judy Gonzalez,Elijah Yamaguchi,John Smith,>90,Evening
658,Julie Hart,Nathan Patel,Jennifer Nguyen,On Job Training,Evening
659,Julie Mahoney,Harper Wong,Emily Chen,31-60,Split
660,Julie Salinas,Ethan Nakamura,Olivia Tan,>90,Morning
661,Julie Williams,Zoe Yamamoto,William Kim,On Job Training,Morning
662,Justin Carpenter,Charlotte Suzuki,William Kim,On Job Training,Morning
663,Justin Williamson,Lily Chen,Michael Lee,>90,Evening
664,Justin Willis,Wyatt Kim,Jennifer Nguyen,On Job Training,Morning
665,Kara Herrera,Wyatt Kim,Jennifer Nguyen,On Job Training,Morning
666,Kara Jordan,Carter Park,Jennifer Nguyen,On Job Training,Morning
667,Karen Alvarado,Ava Wong,William Kim,On Job Training,Evening
668,Karen Bullock,Evelyn Kimura,Jennifer Nguyen,On Job Training,Evening
669,Karen Carr,Lucas Singh,William Kim,On Job Training,Morning
670,Karen Martin,Olivia Suzuki,Olivia Tan,On Job Training,Morning
671,Karen Montgomery,Ava Wong,William Kim,On Job Training,Evening
672,Karen Schultz,Evelyn Kimura,John Smith,0-30,Morning
673,Karen Smith,Lucas Singh,John Smith,>90,Evening
674,Karen Vasquez,Emily Yamashita,Michael Lee,>90,Morning
675,Karen Williams,Logan Lee,Emily Chen,61-90,Evening
676,Katelyn Horton,Mason Gupta,Olivia Tan,0-30,Morning
677,Katherine Kirby,Isabella Wong,John Smith,>90,Morning
678,Katherine Simpson,Olivia Suzuki,Jennifer Nguyen,On Job Training,Morning
679,Katherine Walker,Olivia Wang,Emily Chen,31-60,Evening
680,Kathleen Johnson,Layla Taniguchi,Emily Chen,>90,Morning
681,Kathleen Mcdonald,Mia Patel,Olivia Tan,>90,Morning
682,Kathleen Mcgee,Brayden Wong,John Smith,31-60,Evening
683,Kathleen Williams,Mason Gupta,Olivia Tan,>90,Morning
684,Kathryn Jones,Ethan Nakamura,Emily Chen,0-30,Evening
685,Kathryn Vasquez,Noah Patel,Michael Lee,>90,Morning
686,Kathy Decker DVM,Amelia Tanaka,Michael Lee,31-60,Evening
687,Kathy Price,Mason Gupta,Jennifer Nguyen,On Job Training,Morning
688,Kathy Stevenson,Abigail Suzuki,Jennifer Nguyen,On Job Training,Evening
689,Kathy Strong,Sophia Sato,John Smith,0-30,Morning
690,Kathy Weber,Emma Park,Jennifer Nguyen,On Job Training,Evening
691,Katrina Mendoza,Emma Park,John Smith,31-60,Morning
692,Katrina Rodriguez,Elijah Yamaguchi,John Smith,>90,Evening
693,Katrina Summers,Layla Taniguchi,Emily Chen,>90,Morning
694,Katrina White,Mia Patel,Olivia Tan,0-30,Morning
695,Kayla Lewis,Ava Wong,William Kim,On Job Training,Evening
696,Kayla Martin,Nathan Patel,Emily Chen,0-30,Evening
697,Kayla Spears,Ava Wong,William Kim,On Job Training,Evening
698,Kayla Wilson,Evelyn Kimura,John Smith,0-30,Morning
699,Keith Hall,Jackson Park,William Kim,On Job Training,Morning
700,Kelly Carpenter,William Park,John Smith,61-90,Evening
701,Kelly Martin,Aiden Patel,John Smith,>90,Morning
702,Kelly Moore DDS,Isabella Wong,Emily Chen,>90,Evening
703,Kelly Singh,Ava Wong,William Kim,On Job Training,Evening
704,Kelly Thomas,Scarlett Chen,John Smith,>90,Morning
705,Kelsey Garcia,Mia Yamamoto,Emily Chen,>90,Evening
706,Kelsey Massey,Mia Patel,Emily Chen,61-90,Evening
707,Kelsey Richardson,Madison Kim,Emily Chen,>90,Split
708,Kenneth Henderson,Ava Wong,William Kim,On Job Training,Evening
709,Kenneth Holt,Ava Wong,Jennifer Nguyen,On Job Training,Morning
710,Kenneth Howell,Elijah Yamaguchi,Emily Chen,>90,Split
711,Kenneth Lara,Madison Kim,Michael Lee,31-60,Evening
712,Kenneth Martin,Aiden Patel,John Smith,31-60,Morning
713,Kenneth Murphy,Carter Park,Jennifer Nguyen,On Job Training,Evening
714,Kenneth Ramos,Aiden Patel,Olivia Tan,On Job Training,Evening
715,Kenneth Wilson,Aiden Patel,John Smith,>90,Morning
716,Kerry Austin,Ava Wong,Olivia Tan,>90,Evening
717,Kevin Cook,Mia Patel,John Smith,>90,Morning
718,Kevin Griffin,Evelyn Kimura,John Smith,0-30,Morning
719,Kevin Lane,Olivia Wang,John Smith,>90,Evening
720,Kevin Lee,Harper Wong,William Kim,On Job Training,Evening
721,Kevin Ramos,Ethan Tan,William Kim,On Job Training,Morning
722,Kevin Randolph,Carter Park,Michael Lee,>90,Morning
723,Kevin Scott,Aiden Patel,John Smith,>90,Evening
724,Kevin Walsh,Lily Chen,Michael Lee,>90,Morning
725,Kiara Powers,Aiden Patel,Olivia Tan,On Job Training,Evening
726,Kim Barnes,Emma Park,Jennifer Nguyen,On Job Training,Evening
727,Kimberly Browning,Elijah Yamaguchi,Emily Chen,>90,Morning
728,Kimberly Bryan,Emily Yamashita,Michael Lee,31-60,Morning
729,Kimberly Carter,Scarlett Chen,John Smith,0-30,Morning
730,Kimberly Davidson,Noah Patel,Emily Chen,>90,Split
731,Kimberly Mahoney,Olivia Wang,John Smith,>90,Evening
732,Kimberly Martinez,Aiden Patel,Olivia Tan,On Job Training,Evening
733,Kimberly Medina,Lily Chen,Michael Lee,>90,Morning
734,Kimberly Miller,Abigail Suzuki,Jennifer Nguyen,On Job Training,Evening
735,Kimberly Morris,Carter Park,Jennifer Nguyen,On Job Training,Evening
736,Kimberly Oliver,Zoe Yamamoto,William Kim,On Job Training,Morning
737,Kimberly Rogers,Scarlett Chen,John Smith,0-30,Morning
738,Kimberly Smith,Zoe Yamamoto,William Kim,On Job Training,Morning
739,Kristen Olson,Harper Wong,William Kim,On Job Training,Evening
740,Kristen Walker,Madison Kim,Emily Chen,>90,Split
741,Kristi Nash,Jacob Sato,Emily Chen,0-30,Evening
742,Kristi Schultz,Noah Patel,Michael Lee,61-90,Night
743,Kristin Adams,Zoe Yamamoto,John Smith,31-60,Afternoon
744,Kristin Beasley,Evelyn Kimura,John Smith,0-30,Morning
745,Kristin Bowman,Charlotte Suzuki,Olivia Tan,>90,Morning
746,Kristin Campbell,Ethan Tan,Michael Lee,>90,Evening
747,Kristin King,Dylan Kim,Michael Lee,>90,Morning
748,Kristina Foster,Landon Tanaka,Emily Chen,>90,Morning
749,Kristina Gutierrez,Jackson Park,William Kim,On Job Training,Morning
750,Kristine Banks,Mia Patel,Emily Chen,0-30,Evening
751,Kyle Barrett,Abigail Suzuki,Jennifer Nguyen,On Job Training,Evening
752,Kyle Jones,Mason Gupta,Jennifer Nguyen,On Job Training,Morning
753,Kyle Merritt,Mia Patel,William Kim,On Job Training,Evening
754,Kyle Warren DDS,Scarlett Chen,John Smith,0-30,Morning
755,Lance Case,Mia Patel,Jennifer Nguyen,On Job Training,Evening
756,Larry Sanchez,Landon Tanaka,John Smith,>90,Morning
757,Latoya Blair,Olivia Suzuki,John Smith,31-60,Morning
758,Laura Allen,Oliver Nguyen,John Smith,>90,Morning
759,Laura Beck,Noah Patel,Emily Chen,>90,Afternoon
760,Laura Farmer,Nathan Patel,Michael Lee,>90,Afternoon
761,Laura Gonzales,Zoe Yamamoto,William Kim,On Job Training,Morning
762,Laura Patel,Landon Tanaka,Jennifer Nguyen,On Job Training,Evening
763,Laura Pratt,Emma Park,John Smith,0-30,Morning
764,Laura Smith,Evelyn Kimura,Jennifer Nguyen,On Job Training,Evening
765,Laura Young,Austin Johnson,William Kim,On Job Training,Morning
766,Lauren Dominguez,Charlotte Suzuki,Jennifer Nguyen,On Job Training,Evening
767,Lauren Juarez,Jacob Sato,Emily Chen,61-90,Evening
768,Lauren Martin,Mason Gupta,Jennifer Nguyen,On Job Training,Morning
769,Lauren Simmons,Wyatt Kim,Michael Lee,>90,Evening
770,Laurie Wilson,Nathan Patel,Michael Lee,>90,Night
771,Lawrence Phillips,Sophia Sato,John Smith,0-30,Morning
772,Lee Allen PhD,Elijah Yamaguchi,John Smith,>90,Evening
773,Leslie Houston,Evelyn Kimura,John Smith,0-30,Morning
774,Levi Bridges,Emma Park,John Smith,31-60,Morning
775,Linda Butler,Charlotte Suzuki,Jennifer Nguyen,On Job Training,Evening
776,Linda Foster,Noah Patel,Emily Chen,>90,Morning
777,Linda Murray,Landon Tanaka,Emily Chen,>90,Morning
778,Lindsay Campbell,Noah Patel,Michael Lee,31-60,Evening
779,Lindsay Ward,Harper Wong,William Kim,On Job Training,Evening
780,Lindsey Colon,William Park,John Smith,31-60,Morning
781,Lindsey Smith,Nathan Patel,John Smith,>90,Afternoon
782,Lisa Brennan,Zoe Yamamoto,William Kim,On Job Training,Morning
783,Lisa Johnson,Carter Park,Jennifer Nguyen,On Job Training,Evening
784,Lisa Lawrence,Abigail Suzuki,Jennifer Nguyen,On Job Training,Morning
785,Lisa Lopez,Mia Patel,Jennifer Nguyen,On Job Training,Evening
786,Lisa May,Olivia Suzuki,Jennifer Nguyen,On Job Training,Morning
787,Lisa Osborne,Wyatt Kim,Michael Lee,61-90,Afternoon
788,Lisa Padilla,Mason Gupta,Jennifer Nguyen,On Job Training,Morning
789,Lisa Singleton,Olivia Suzuki,Jennifer Nguyen,On Job Training,Evening
790,Lisa Thompson DVM,Carter Park,Michael Lee,>90,Evening
791,Lisa Wall,Amelia Tanaka,Emily Chen,>90,Morning
792,Lisa Wilson,Isabella Wong,Emily Chen,>90,Afternoon
793,Lisa Zamora,Noah Patel,Emily Chen,>90,Afternoon
794,Logan Barnett,William Park,John Smith,31-60,Morning
795,Lori Daugherty,Mia Patel,Emily Chen,61-90,Evening
796,Lorraine Smith,Carter Park,Jennifer Nguyen,On Job Training,Evening
797,Louis Herrera,Jackson Park,Jennifer Nguyen,On Job Training,Morning
798,Luis Bell,Austin Johnson,Michael Lee,0-30,Morning
799,Luis Ramsey,Noah Patel,Emily Chen,>90,Afternoon
800,Luis Werner,Brayden Wong,John Smith,>90,Morning
801,Luke Brown,Alexander Tanaka,Michael Lee,0-30,Evening
802,Luke Finley,Jacob Sato,Emily Chen,0-30,Evening
803,Luke Schultz,Austin Johnson,Michael Lee,0-30,Morning
804,Lynn Collins,Noah Patel,Michael Lee,61-90,Night
805,Lynn Gross,Mia Patel,John Smith,31-60,Morning
806,Mackenzie Phillips,Emma Park,John Smith,31-60,Morning
807,Mackenzie Scott MD,Emma Park,John Smith,31-60,Morning
808,Madison Flores,Ethan Tan,Jennifer Nguyen,On Job Training,Evening
809,Makayla Randall,Ethan Nakamura,Jennifer Nguyen,On Job Training,Morning
810,Marc Roberts,Alexander Tanaka,Michael Lee,0-30,Evening
811,Marcia Mendez,Brayden Wong,Michael Lee,>90,Afternoon
812,Marcus Lynch,Lucas Singh,Jennifer Nguyen,On Job Training,Evening
813,Margaret Prince,Carter Park,Michael Lee,31-60,Morning
814,Maria West,Mia Patel,Olivia Tan,>90,Morning
815,Marie Acosta,Mia Patel,William Kim,On Job Training,Evening
816,Marie Vance,Logan Lee,William Kim,On Job Training,Evening
817,Mario Simpson,Nathan Patel,Jennifer Nguyen,On Job Training,Evening
818,Mario Terrell,Elijah Yamaguchi,John Smith,>90,Evening
819,Mark Black,Sophia Sato,John Smith,>90,Afternoon
820,Mark Cook,Zoe Yamamoto,William Kim,On Job Training,Morning
821,Mark Fitzpatrick,Carter Park,Jennifer Nguyen,On Job Training,Morning
822,Mark Garcia,Wyatt Kim,Jennifer Nguyen,On Job Training,Morning
823,Mark Gonzalez,Amelia Tanaka,Emily Chen,>90,Morning
824,Mark Hickman,Zoe Yamamoto,William Kim,On Job Training,Morning
825,Mark Kaufman Jr.,Jackson Park,William Kim,On Job Training,Morning
826,Mark Lucas,Brayden Wong,Jennifer Nguyen,On Job Training,Morning
827,Mark Pollard,Noah Patel,Emily Chen,>90,Split
828,Mark Ruiz,Lucas Singh,John Smith,31-60,Evening
829,Mark Taylor,Olivia Suzuki,Jennifer Nguyen,On Job Training,Morning
830,Mark Vasquez,Aiden Patel,Olivia Tan,On Job Training,Evening
831,Mark Wilson,Scarlett Chen,John Smith,0-30,Morning
832,Marvin Rivera,Carter Park,Jennifer Nguyen,On Job Training,Evening
833,Mary Esparza,Elijah Yamaguchi,Michael Lee,>90,Night
834,Mary Hopkins,Zoe Yamamoto,John Smith,>90,Afternoon
835,Mary Huff,Mia Patel,William Kim,On Job Training,Evening
836,Mary Hughes,Elijah Yamaguchi,Emily Chen,61-90,Evening
837,Mary Johnston,Zoe Yamamoto,John Smith,>90,Afternoon
838,Mary Orr,Ethan Tan,Jennifer Nguyen,On Job Training,Evening
839,Mary Powell,Emma Park,John Smith,31-60,Morning
840,Mary Quinn,Mason Gupta,Jennifer Nguyen,On Job Training,Morning
841,Mary Ross,Olivia Suzuki,Jennifer Nguyen,On Job Training,Morning
842,Mary Smith,Charlotte Suzuki,Olivia Tan,>90,Morning
843,Mary Taylor,Jackson Park,William Kim,On Job Training,Morning
844,Mary Vasquez,Olivia Wang,Olivia Tan,0-30,Morning
845,Mason Mitchell,Ava Wong,William Kim,On Job Training,Evening
846,Matthew Alexander,Emily Yamashita,William Kim,On Job Training,Evening
847,Matthew Bennett,Olivia Wang,John Smith,>90,Evening
848,Matthew Calderon,Abigail Suzuki,Jennifer Nguyen,On Job Training,Evening
849,Matthew Callahan,Evelyn Kimura,Jennifer Nguyen,On Job Training,Evening
850,Matthew Graham,Aiden Patel,Olivia Tan,On Job Training,Evening
851,Matthew Grimes,Layla Taniguchi,Olivia Tan,>90,Morning
852,Matthew Lambert,Olivia Wang,Olivia Tan,>90,Afternoon
853,Matthew Mendoza MD,William Park,John Smith,61-90,Evening
854,Matthew Miller,Elijah Yamaguchi,Michael Lee,>90,Night
855,Matthew Reynolds,Evelyn Kimura,Jennifer Nguyen,On Job Training,Evening
856,Matthew Rodriguez,Isabella Wong,Emily Chen,>90,Morning
857,Matthew Ross,Ava Wong,William Kim,On Job Training,Evening
858,Matthew Singleton,Austin Johnson,William Kim,On Job Training,Morning
859,Matthew White PhD,Scarlett Chen,John Smith,0-30,Morning
860,Matthew Wolf,Noah Patel,Michael Lee,>90,Morning
861,Maxwell Castillo,Scarlett Chen,John Smith,0-30,Morning
862,Megan Bartlett,Carter Park,Michael Lee,>90,Evening
863,Megan Brown,Ava Wong,William Kim,On Job Training,Evening
864,Megan Henderson,Logan Lee,Emily Chen,61-90,Evening
865,Megan Hernandez,Logan Lee,William Kim,On Job Training,Evening
866,Megan Preston,Emily Yamashita,John Smith,>90,Split
867,Megan Smith,Ava Wong,Olivia Tan,>90,Morning
868,Meghan Holmes,Olivia Suzuki,Jennifer Nguyen,On Job Training,Evening
869,Melanie Anderson,Ava Wong,Jennifer Nguyen,On Job Training,Evening
870,Melanie Cortez,Mason Gupta,Jennifer Nguyen,On Job Training,Morning
871,Melanie Lee,Aiden Patel,John Smith,31-60,Morning
872,Melinda Allen,Harper Wong,William Kim,On Job Training,Evening
873,Melinda Mills,Emma Park,John Smith,>90,Morning
874,Melinda Montgomery,Landon Tanaka,Emily Chen,61-90,Split
875,Melissa Castillo,Elijah Yamaguchi,Michael Lee,>90,Night
876,Melissa Grant,Zoe Yamamoto,John Smith,>90,Morning
877,Melissa Mcclain MD,Austin Johnson,William Kim,On Job Training,Morning
878,Melissa Murray,Logan Lee,Emily Chen,61-90,Evening
879,Melissa Nelson,Austin Johnson,William Kim,On Job Training,Morning
880,Melissa Robinson,Elijah Yamaguchi,Emily Chen,31-60,Evening
881,Melissa Russell,Harper Wong,Emily Chen,31-60,Afternoon
882,Melissa Spence,Zoe Yamamoto,John Smith,>90,Morning
883,Melissa Taylor,Zoe Yamamoto,Emily Chen,>90,Afternoon
884,Melissa West,William Park,John Smith,31-60,Morning
885,Melissa Woods,Mason Gupta,Jennifer Nguyen,On Job Training,Morning
886,Melody Jackson,Isabella Wong,Emily Chen,>90,Evening
887,Melvin Pace,Emma Park,John Smith,31-60,Morning
888,Michael Abbott,Ethan Nakamura,Jennifer Nguyen,On Job Training,Morning
889,Michael Allen,Mia Patel,Olivia Tan,0-30,Afternoon
890,Michael Barrett,Ava Wong,Jennifer Nguyen,On Job Training,Morning
891,Michael Brady,Layla Taniguchi,Emily Chen,>90,Morning
892,Michael Branch,Jackson Park,William Kim,On Job Training,Morning
893,Michael Carson,Abigail Suzuki,Jennifer Nguyen,On Job Training,Evening
894,Michael Cooper,Ethan Nakamura,Emily Chen,0-30,Evening
895,Michael Davis,Evelyn Kimura,Jennifer Nguyen,On Job Training,Evening
896,Michael Dunlap,Charlotte Suzuki,Jennifer Nguyen,On Job Training,Evening
897,Michael Eaton,Ethan Tan,William Kim,On Job Training,Morning
898,Michael Ellison,Ethan Nakamura,Jennifer Nguyen,On Job Training,Morning
899,Michael Gomez,Mia Patel,John Smith,31-60,Morning
900,Michael Hart,Mason Gupta,Jennifer Nguyen,On Job Training,Morning
901,Michael Jenkins,Emma Park,Jennifer Nguyen,On Job Training,Evening
902,Michael Johnson,Nathan Patel,Michael Lee,>90,Split
903,Michael Larson,Emma Park,John Smith,31-60,Morning
904,Michael Liu,Elijah Yamaguchi,John Smith,61-90,Evening
905,Michael Martin,Noah Patel,Michael Lee,31-60,Evening
906,Michael Mckee,Emily Yamashita,William Kim,On Job Training,Evening
907,Michael Miles,Elijah Yamaguchi,Michael Lee,61-90,Morning
908,Michael Miller,Sophia Sato,John Smith,0-30,Morning
909,Michael Morton,Scarlett Chen,John Smith,0-30,Morning
910,Michael Newman,Landon Tanaka,John Smith,>90,Split
911,Michael Olsen,Brayden Wong,John Smith,61-90,Evening
912,Michael Perez,Emma Park,Jennifer Nguyen,On Job Training,Evening
913,Michael Pitts,William Park,John Smith,31-60,Evening
914,Michael Reilly,Ethan Nakamura,Jennifer Nguyen,On Job Training,Morning
915,Michael Rodriguez,Carter Park,Jennifer Nguyen,On Job Training,Evening
916,Michael Ruiz,Madison Kim,John Smith,>90,Morning
917,Michael Scott,Olivia Wang,John Smith,>90,Evening
918,Michael Silva,Elijah Yamaguchi,John Smith,31-60,Evening
919,Michael Stevens,Jacob Sato,Emily Chen,0-30,Evening
920,Michael Thomas,Logan Lee,Emily Chen,61-90,Evening
921,Michael Torres,Scarlett Chen,John Smith,>90,Morning
922,Michael White,Dylan Kim,Michael Lee,>90,Morning
923,Micheal Morgan,Mia Patel,Emily Chen,61-90,Evening
924,Micheal Wagner,Aiden Patel,John Smith,>90,Evening
925,Michele Davidson,Nathan Patel,Michael Lee,>90,Afternoon
926,Michele Kramer,William Park,John Smith,61-90,Evening
927,Michele Roberts,Abigail Suzuki,Jennifer Nguyen,On Job Training,Morning
928,Michelle Banks,Nathan Patel,Michael Lee,>90,Night
929,Michelle Christensen,Nathan Patel,Michael Lee,>90,Afternoon
930,Michelle Clark,Ethan Tan,John Smith,31-60,Morning
931,Michelle Cunningham,Emma Park,John Smith,31-60,Morning
932,Michelle Curry,Scarlett Chen,John Smith,0-30,Morning
933,Michelle Garrison,Jackson Park,John Smith,>90,Morning
934,Michelle Hart,Aiden Patel,John Smith,>90,Evening
935,Michelle Larson,Ava Wong,Jennifer Nguyen,On Job Training,Morning
936,Michelle Moore,Lucas Singh,William Kim,On Job Training,Morning
937,Michelle Reeves,Mia Patel,Emily Chen,>90,Evening
938,Michelle Smith,Ava Wong,William Kim,On Job Training,Evening
939,Michelle Whitehead,Carter Park,Jennifer Nguyen,On Job Training,Evening
940,Michelle Williams,Mason Gupta,Jennifer Nguyen,On Job Training,Morning
941,Mikayla Wright,Jackson Park,William Kim,On Job Training,Morning
942,Mike Fields,Madison Kim,John Smith,>90,Split
943,Mike Frost,Madison Kim,Emily Chen,>90,Split
944,Miranda Lewis,Ava Wong,William Kim,On Job Training,Evening
945,Miss Donna Robertson,Jackson Park,William Kim,On Job Training,Evening
946,Miss Patricia Mack DDS,Noah Patel,Emily Chen,>90,Afternoon
947,Misty Castillo,Sophia Chen,Jennifer Nguyen,On Job Training,Evening
948,Molly Lozano,Emma Park,John Smith,31-60,Afternoon
949,Molly Wright,Mia Patel,John Smith,>90,Morning
950,Monica Edwards,Harper Wong,Emily Chen,>90,Afternoon
951,Monica Newton,Jackson Park,Jennifer Nguyen,On Job Training,Morning
952,Monique Andersen,Landon Tanaka,Emily Chen,>90,Split
953,Monique Graham,Elijah Yamaguchi,Michael Lee,>90,Afternoon
954,Morgan Floyd,Ethan Tan,William Kim,On Job Training,Morning
955,Morgan Gomez,Jackson Park,William Kim,On Job Training,Evening
956,Morgan Smith,Isabella Wong,Emily Chen,>90,Split
957,Morgan Zavala,Nathan Patel,Emily Chen,0-30,Evening
958,Mr. Albert Clark DDS,Olivia Suzuki,Jennifer Nguyen,On Job Training,Morning
959,Mr. Allen Fisher,Landon Tanaka,Jennifer Nguyen,On Job Training,Evening
960,Mr. Christopher Peterson DDS,Austin Johnson,William Kim,On Job Training,Morning
961,Mr. Daniel Carter,Ava Wong,William Kim,On Job Training,Evening
962,Mr. Drew Miller,Emily Yamashita,William Kim,On Job Training,Evening
963,Mr. George Hall Jr.,Brayden Wong,John Smith,61-90,Morning
964,Mr. Gregory Payne,Mia Patel,Jennifer Nguyen,On Job Training,Evening
965,Mr. Jeremy Sanchez,Wyatt Kim,Michael Lee,61-90,Afternoon
966,Mr. Jonathan Hernandez MD,Mason Gupta,Jennifer Nguyen,On Job Training,Morning
967,Mr. Nathaniel Smith,Austin Johnson,William Kim,On Job Training,Morning
968,Mr. William Adams MD,Noah Patel,Emily Chen,>90,Afternoon
969,Mrs. Heather Williams,Isabella Wong,Emily Chen,>90,Split
970,Mrs. Jennifer Stone,Dylan Kim,Michael Lee,>90,Morning
971,Mrs. Jordan Miller,Sophia Sato,John Smith,0-30,Morning
972,Mrs. Kimberly Daniels,Ava Wong,William Kim,On Job Training,Evening
973,Mrs. Sandra Johnson,Evelyn Kimura,John Smith,0-30,Morning
974,Ms. Karen Moore,Evelyn Kimura,John Smith,0-30,Morning
975,Ms. Rachel Smith DDS,Ava Wong,William Kim,On Job Training,Evening
976,Nancy Baker,Olivia Wang,John Smith,>90,Evening
977,Nancy Singh,Noah Patel,Emily Chen,>90,Split
978,Natalie Gonzales,Noah Patel,Michael Lee,>90,Morning
979,Natasha Hunter,Abigail Suzuki,Jennifer Nguyen,On Job Training,Evening
980,Nathan Allen,Sophia Chen,Jennifer Nguyen,On Job Training,Evening
981,Nathan Jones,Ethan Tan,John Smith,>90,Morning
982,Nathan Nguyen,Ethan Nakamura,Jennifer Nguyen,On Job Training,Morning
983,Nathan Riley,Emily Yamashita,William Kim,On Job Training,Evening
984,Nathan Wilson,Mia Patel,John Smith,>90,Morning
985,Nathan Young,Madison Kim,John Smith,>90,Morning
986,Nathaniel Smith,Evelyn Kimura,John Smith,0-30,Morning
987,Nicholas Mata,Wyatt Kim,Michael Lee,61-90,Afternoon
988,Nicholas Payne,Olivia Suzuki,Jennifer Nguyen,On Job Training,Morning
989,Nicholas Wright,Ava Wong,Olivia Tan,>90,Evening
990,Nichole Price,Sophia Sato,John Smith,>90,Split
991,Nicole Chavez,Alexander Tanaka,Michael Lee,0-30,Evening
992,Nicole Choi,Ava Wong,Jennifer Nguyen,On Job Training,Evening
993,Nicole Cummings,Jackson Park,John Smith,>90,Morning
994,Nicole Gallagher,Lucas Singh,Jennifer Nguyen,On Job Training,Evening
995,Nicole Green,Elijah Yamaguchi,John Smith,61-90,Evening
996,Nicole Harper,Austin Johnson,William Kim,On Job Training,Morning
997,Nicole Hernandez,Noah Patel,Michael Lee,31-60,Night
998,Nicole Hicks,Jackson Park,Michael Lee,>90,Evening
999,Nicole Jones,Jackson Park,Michael Lee,31-60,Evening
1000,Nicole Miranda,Charlotte Suzuki,Olivia Tan,>90,Morning
1001,Nicole Patel,William Park,John Smith,31-60,Evening
1002,Nicole Simpson DVM,Mason Gupta,Olivia Tan,>90,Morning
1003,Nicole Thomas,Wyatt Kim,Jennifer Nguyen,On Job Training,Morning
1004,Nicole Zavala,Oliver Nguyen,John Smith,>90,Morning
1005,Noah Chase,Evelyn Kimura,John Smith,0-30,Morning
1006,Norma Davis,Aiden Patel,John Smith,>90,Morning
1007,Olivia Alvarez,Noah Patel,Jennifer Nguyen,On Job Training,Morning
1008,Olivia Nguyen,Carter Park,Michael Lee,>90,Morning
1009,Olivia Villa,Mia Yamamoto,Jennifer Nguyen,On Job Training,Morning
1010,Omar Odonnell,Nathan Patel,John Smith,>90,Split
1011,Oscar Mcdowell,Amelia Tanaka,Emily Chen,>90,Split
1012,Pamela Hughes,Dylan Kim,Jennifer Nguyen,On Job Training,Morning
1013,Pamela Johnson,Scarlett Chen,John Smith,0-30,Morning
1014,Pamela Mendoza,Ava Wong,William Kim,On Job Training,Evening
1015,Pamela Perez,Zoe Yamamoto,John Smith,>90,Morning
1016,Pamela Robinson,Madison Kim,Emily Chen,>90,Split
1017,Pamela Stevens,Jackson Park,John Smith,>90,Morning
1018,Patricia Anderson,Brayden Wong,John Smith,>90,Morning
1019,Patricia Cross,Mason Gupta,Olivia Tan,0-30,Afternoon
1020,Patricia Duarte,Elijah Yamaguchi,Emily Chen,61-90,Evening
1021,Patricia Holmes,Emma Park,John Smith,>90,Morning
1022,Patricia Lambert,Landon Tanaka,John Smith,>90,Morning
1023,Patricia Moore,Brayden Wong,John Smith,>90,Morning
1024,Patrick Flores,Olivia Wang,John Smith,>90,Evening
1025,Patrick Lee Jr.,Noah Patel,Michael Lee,61-90,Night
1026,Patrick Shelton,Olivia Suzuki,Jennifer Nguyen,On Job Training,Morning
1027,Patty Gutierrez,Elijah Yamaguchi,John Smith,>90,Evening
1028,Paul Cunningham DVM,Nathan Patel,John Smith,>90,Afternoon
1029,Paul Gill,Brayden Wong,Jennifer Nguyen,On Job Training,Morning
1030,Paul Hamilton,Lily Chen,Michael Lee,>90,Morning
1031,Paul Johnson,Dylan Kim,Michael Lee,>90,Morning
1032,Paul Mack,Emma Park,John Smith,61-90,Afternoon
1033,Paul Montgomery,Mia Patel,Jennifer Nguyen,On Job Training,Evening
1034,Paul Preston,Noah Patel,Michael Lee,31-60,Evening
1035,Paul Roach,Abigail Suzuki,Jennifer Nguyen,On Job Training,Evening
1036,Paul Ryan,Elijah Yamaguchi,John Smith,>90,Evening
1037,Paula Brooks,Austin Johnson,William Kim,On Job Training,Morning
1038,Paula Castillo,Landon Tanaka,Emily Chen,61-90,Morning
1039,Paula Peters,Noah Patel,Olivia Tan,>90,Morning
1040,Paula Wilkins,Emma Park,John Smith,>90,Afternoon
1041,Penny Bradley,Wyatt Kim,Jennifer Nguyen,On Job Training,Morning
1042,Penny Lam,Elijah Yamaguchi,Emily Chen,61-90,Evening
1043,Peter Lawrence,Dylan Kim,Olivia Tan,>90,Morning
1044,Peter Thomas,Abigail Suzuki,Jennifer Nguyen,On Job Training,Evening
1045,Philip Harmon,Emma Park,John Smith,>90,Morning
1046,Phillip Mccoy,Lily Chen,Michael Lee,>90,Morning
1047,Rachel Avila,Lucas Singh,John Smith,>90,Evening
1048,Rachel Barnes,Emma Park,Jennifer Nguyen,On Job Training,Evening
1049,Rachel Green,Alexander Tanaka,Michael Lee,0-30,Evening
1050,Rachel Parker,Ethan Nakamura,Emily Chen,0-30,Evening
1051,Rachel Peters,Aiden Patel,John Smith,>90,Morning
1052,Rachel Reid,Ethan Tan,William Kim,On Job Training,Morning
1053,Rachel Smith,Alexander Tanaka,Michael Lee,0-30,Evening
1054,Rachel Smith MD,Logan Lee,William Kim,On Job Training,Evening
1055,Randall Mercer,Jacob Sato,Jennifer Nguyen,On Job Training,Morning
1056,Randy Finley,Emily Yamashita,Michael Lee,>90,Morning
1057,Randy May,Emily Yamashita,William Kim,On Job Training,Evening
1058,Randy Mullins,Jackson Park,Michael Lee,31-60,Evening
1059,Raymond Mcgee,Ava Wong,Olivia Tan,>90,Evening
1060,Rebecca Graham,Alexander Tanaka,Michael Lee,0-30,Evening
1061,Rebecca James,Brayden Wong,John Smith,61-90,Morning
1062,Rebecca Martin,Mason Gupta,Jennifer Nguyen,On Job Training,Morning
1063,Rebecca Miller,Oliver Nguyen,John Smith,>90,Morning
1064,Rebecca Thomas,Madison Kim,Michael Lee,31-60,Evening
1065,Rebecca Walker,Logan Lee,Emily Chen,61-90,Evening
1066,Regina Harper,Harper Wong,William Kim,On Job Training,Evening
1067,Renee Lucas,Zoe Yamamoto,John Smith,>90,Morning
1068,Renee Martin,Lily Chen,Michael Lee,>90,Morning
1069,Rhonda Martin DVM,Wyatt Kim,Jennifer Nguyen,On Job Training,Morning
1070,Rhonda Sullivan,Jackson Park,William Kim,On Job Training,Evening
1071,Richard Barber,Alexander Tanaka,Michael Lee,0-30,Evening
1072,Richard Buchanan,Mason Gupta,Jennifer Nguyen,On Job Training,Morning
1073,Richard Gordon,Zoe Yamamoto,John Smith,>90,Evening
1074,Richard Oconnor,Mia Yamamoto,Emily Chen,0-30,Evening
1075,Richard Ortiz,Emily Yamashita,Michael Lee,>90,Morning
1076,Richard Reyes,Olivia Suzuki,Olivia Tan,On Job Training,Morning
1077,Richard Smith,Mason Gupta,Jennifer Nguyen,On Job Training,Morning
1078,Richard Sullivan,Mia Patel,William Kim,On Job Training,Evening
1079,Rickey Herrera,Wyatt Kim,William Kim,On Job Training,Morning
1080,Ricky Berger,Wyatt Kim,Michael Lee,>90,Evening
1081,Robert Cook,Mia Yamamoto,Emily Chen,>90,Evening
1082,Robert Elliott,Jackson Park,Michael Lee,31-60,Evening
1083,Robert Harris,Jackson Park,William Kim,On Job Training,Evening
1084,Robert Lara,Brayden Wong,John Smith,31-60,Evening
1085,Robert Lawrence,Olivia Suzuki,Jennifer Nguyen,On Job Training,Evening
1086,Robert Lewis,Logan Lee,Emily Chen,61-90,Evening
1087,Robert Lopez,Logan Lee,William Kim,On Job Training,Evening
1088,Robert Miranda,Emma Park,John Smith,31-60,Morning
1089,Robert Oneal,Brayden Wong,Michael Lee,>90,Afternoon
1090,Robert Perez,Nathan Patel,Michael Lee,>90,Night
1091,Robert Rios,Ethan Tan,William Kim,On Job Training,Morning
1092,Robert Smith,Carter Park,Michael Lee,31-60,Morning
1093,Robert Vasquez,Zoe Yamamoto,John Smith,>90,Afternoon
1094,Robert White,William Park,Jennifer Nguyen,On Job Training,Morning
1095,Robin Spencer,Ava Wong,William Kim,On Job Training,Evening
1096,Rodney Jackson,Austin Johnson,William Kim,On Job Training,Morning
1097,Roger Turner,Nathan Patel,Jennifer Nguyen,On Job Training,Evening
1098,Ronald Anderson,Amelia Tanaka,Emily Chen,>90,Morning
1099,Ronald Garcia,Elijah Yamaguchi,Emily Chen,>90,Morning
1100,Ronald Houston,Ethan Tan,John Smith,>90,Morning
1101,Ronald King,William Park,John Smith,61-90,Evening
1102,Ronnie Romero,Aiden Patel,John Smith,>90,Morning
1103,Rose Jackson,Ava Wong,William Kim,On Job Training,Evening
1104,Rose Moore,Madison Kim,John Smith,>90,Morning
1105,Roy Lynch,Brayden Wong,Michael Lee,>90,Afternoon
1106,Ruben Horton,Elijah Yamaguchi,Emily Chen,61-90,Morning
1107,Russell Lee,Scarlett Chen,John Smith,>90,Morning
1108,Russell Ramsey,Zoe Yamamoto,Emily Chen,>90,Afternoon
1109,Ryan Bishop III,Evelyn Kimura,Jennifer Nguyen,On Job Training,Evening
1110,Ryan Jackson,Olivia Wang,Emily Chen,31-60,Evening
1111,Ryan Jefferson,Elijah Yamaguchi,John Smith,>90,Evening
1112,Ryan Khan,Nathan Patel,Michael Lee,61-90,Afternoon
1113,Ryan Payne,Scarlett Chen,John Smith,0-30,Morning
1114,Ryan Thompson,Olivia Wang,Emily Chen,31-60,Evening
1115,Sabrina Osborne,Jackson Park,William Kim,On Job Training,Evening
1116,Sabrina Santiago,Mia Patel,Emily Chen,61-90,Evening
1117,Samantha Harmon,Lily Chen,Jennifer Nguyen,On Job Training,Morning
1118,Samantha Jones,Jacob Sato,Emily Chen,0-30,Evening
1119,Samantha Miller,Brayden Wong,John Smith,>90,Evening
1120,Samantha Reeves,Abigail Suzuki,Jennifer Nguyen,On Job Training,Morning
1121,Samantha Swanson,Ava Wong,William Kim,On Job Training,Evening
1122,Samantha Warner,Emily Yamashita,John Smith,>90,Morning
1123,Samuel Beck,Evelyn Kimura,John Smith,0-30,Morning
1124,Samuel Blankenship,Brayden Wong,John Smith,>90,Morning
1125,Samuel Douglas,Abigail Suzuki,Jennifer Nguyen,On Job Training,Morning
1126,Samuel Gomez,Ava Wong,William Kim,On Job Training,Evening
1127,Samuel Gonzalez,Austin Johnson,William Kim,On Job Training,Morning
1128,Samuel Hanson,Alexander Tanaka,Michael Lee,0-30,Evening
1129,Samuel Mccoy,Landon Tanaka,Emily Chen,>90,Split
1130,Samuel Ramos,Nathan Patel,Michael Lee,>90,Split
1131,Samuel Spencer,Zoe Yamamoto,John Smith,>90,Afternoon
1132,Sandra Alvarado,Sophia Chen,Olivia Tan,>90,Morning
1133,Sandra Pierce,Emma Park,Jennifer Nguyen,On Job Training,Evening
1134,Sandra Richardson,Amelia Tanaka,Emily Chen,>90,Morning
1135,Sara Campbell,Logan Lee,Emily Chen,61-90,Evening
1136,Sara Chavez,Lily Chen,Michael Lee,31-60,Evening
1137,Sara Hall,Brayden Wong,John Smith,>90,Morning
1138,Sara Juarez,Brayden Wong,Jennifer Nguyen,On Job Training,Morning
1139,Sara Moreno,Mason Gupta,Jennifer Nguyen,On Job Training,Morning
1140,Sara Rodriguez,Lily Chen,Michael Lee,31-60,Evening
1141,Sarah Becker,Zoe Yamamoto,John Smith,31-60,Afternoon
1142,Sarah Bennett,Emma Park,Olivia Tan,>90,Morning
1143,Sarah Frazier,Ethan Nakamura,Jennifer Nguyen,On Job Training,Morning
1144,Sarah Gutierrez,Emily Yamashita,Michael Lee,61-90,Morning
1145,Sarah Henderson,Ava Wong,Jennifer Nguyen,On Job Training,Morning
1146,Sarah Hendricks,Olivia Wang,William Kim,On Job Training,Evening
1147,Sarah Keller,Zoe Yamamoto,John Smith,>90,Morning
1148,Sarah Murray,Zoe Yamamoto,John Smith,>90,Morning
1149,Sarah Newton,Zoe Yamamoto,Olivia Tan,>90,Morning
1150,Sarah Ross,Jacob Sato,Jennifer Nguyen,On Job Training,Morning
1151,Sarah Taylor,Carter Park,Jennifer Nguyen,On Job Training,Morning
1152,Sarah Thomas,Logan Lee,Emily Chen,61-90,Evening
1153,Sarah Watts,Logan Lee,Jennifer Nguyen,On Job Training,Evening
1154,Sarah Williams,Carter Park,Michael Lee,>90,Morning
1155,Savannah Keller,Mia Patel,Jennifer Nguyen,On Job Training,Evening
1156,Scott Bell,Brayden Wong,John Smith,>90,Morning
1157,Scott Chang,Carter Park,Jennifer Nguyen,On Job Training,Morning
1158,Scott Murphy,Olivia Wang,Emily Chen,31-60,Evening
1159,Scott Pierce,Charlotte Suzuki,Jennifer Nguyen,On Job Training,Evening
1160,Scott Sanchez,Ethan Nakamura,Emily Chen,0-30,Evening
1161,Scott Scott,Elijah Yamaguchi,John Smith,>90,Evening
1162,Scott Shaffer,Charlotte Suzuki,William Kim,On Job Training,Morning
1163,Scott Sutton,Jackson Park,Michael Lee,31-60,Evening
1164,Sean Gay,Mia Patel,Olivia Tan,>90,Morning
1165,Sean Olson,Emily Yamashita,Michael Lee,>90,Morning
1166,Sean Walters,Jacob Sato,Emily Chen,0-30,Evening
1167,Sean Williams,Mason Gupta,Jennifer Nguyen,On Job Training,Morning
1168,Sergio Carrillo,Emma Park,Jennifer Nguyen,On Job Training,Evening
1169,Seth Williamson,Sophia Sato,John Smith,>90,Afternoon
1170,Shane Humphrey,Mia Yamamoto,Jennifer Nguyen,On Job Training,Morning
1171,Shane Payne,Landon Tanaka,Jennifer Nguyen,On Job Training,Evening
1172,Shane Schwartz,Carter Park,Michael Lee,>90,Morning
1173,Shannon Hicks,Aiden Patel,Olivia Tan,>90,Morning
1174,Shannon Holmes,Ava Wong,William Kim,On Job Training,Evening
1175,Shannon Hudson,Olivia Wang,John Smith,>90,Evening
1176,Shannon Reyes,Ava Wong,William Kim,On Job Training,Evening
1177,Shari Martinez,Logan Lee,Emily Chen,0-30,Evening
1178,Sharon Bullock,Scarlett Chen,John Smith,0-30,Morning
1179,Sharon Meyers,Mason Gupta,Jennifer Nguyen,On Job Training,Morning
1180,Sharon Smith,Elijah Yamaguchi,Michael Lee,>90,Afternoon
1181,Sharon Stephenson,Jacob Sato,Emily Chen,0-30,Evening
1182,Shawn Rose,Ethan Tan,William Kim,On Job Training,Morning
1183,Sheena Williams,Logan Lee,Emily Chen,0-30,Evening
1184,Sheila Collins,Scarlett Chen,John Smith,0-30,Morning
1185,Shelley Hughes,Olivia Suzuki,Olivia Tan,On Job Training,Morning
1186,Shelley Watson,Jackson Park,Michael Lee,31-60,Evening
1187,Shelly Bell,Abigail Suzuki,Jennifer Nguyen,On Job Training,Morning
1188,Shelly Huber,William Park,John Smith,61-90,Evening
1189,Sheri Hood,Ava Wong,Jennifer Nguyen,On Job Training,Morning
1190,Sheri White,Ethan Tan,William Kim,On Job Training,Morning
1191,Sherry Hunt,Olivia Suzuki,John Smith,31-60,Morning
1192,Shirley Hayden,Scarlett Chen,John Smith,0-30,Morning
1193,Shirley Young,Olivia Suzuki,Olivia Tan,On Job Training,Morning
1194,Sierra Walker DDS,Emma Park,Jennifer Nguyen,On Job Training,Evening
1195,Stacey Clark,Zoe Yamamoto,John Smith,>90,Afternoon
1196,Stacey Lynch,Austin Johnson,Michael Lee,0-30,Morning
1197,Stacey Miller,Emma Park,John Smith,>90,Afternoon
1198,Stacey Stokes,Elijah Yamaguchi,Emily Chen,61-90,Evening
1199,Stacy Morales,Elijah Yamaguchi,Emily Chen,>90,Split
1200,Stacy Sims,Jacob Sato,Jennifer Nguyen,On Job Training,Morning
1201,Stacy Singh,Aiden Patel,John Smith,>90,Morning
1202,Stacy Washington,Emily Yamashita,Michael Lee,>90,Morning
1203,Stanley Hogan,Harper Wong,Emily Chen,>90,Split
1204,Stanley Moss,Elijah Yamaguchi,Emily Chen,>90,Morning
1205,Stephanie Hammond,William Park,Jennifer Nguyen,On Job Training,Morning
1206,Stephanie Holmes,Mia Patel,Jennifer Nguyen,On Job Training,Morning
1207,Stephanie Johnson,Lucas Singh,William Kim,On Job Training,Morning
1208,Stephanie Lewis,Alexander Tanaka,Michael Lee,0-30,Evening
1209,Stephanie Neal,Layla Taniguchi,Emily Chen,>90,Morning
1210,Stephanie Ryan,Nathan Patel,Michael Lee,>90,Afternoon
1211,Stephanie Schultz,Charlotte Suzuki,Jennifer Nguyen,On Job Training,Evening
1212,Stephanie Simpson,Emily Yamashita,John Smith,>90,Split
1213,Stephanie Stewart,Nathan Patel,Jennifer Nguyen,On Job Training,Evening
1214,Stephanie Thompson,Emma Park,John Smith,31-60,Morning
1215,Stephen Foster,Ethan Tan,William Kim,On Job Training,Morning
1216,Stephen Lee,Noah Patel,Michael Lee,>90,Morning
1217,Stephen Morris,Wyatt Kim,Michael Lee,>90,Evening
1218,Stephen Palmer,Jackson Park,William Kim,On Job Training,Evening
1219,Steve Washington,Emma Park,John Smith,>90,Morning
1220,Steven Buckley,Carter Park,Jennifer Nguyen,On Job Training,Evening
1221,Steven Cline,Emily Yamashita,John Smith,>90,Morning
1222,Steven Fox,Zoe Yamamoto,John Smith,>90,Morning
1223,Steven Gates,Jacob Sato,Emily Chen,0-30,Evening
1224,Steven Moreno,Emma Park,Jennifer Nguyen,On Job Training,Evening
1225,Steven Murillo,Carter Park,Jennifer Nguyen,On Job Training,Morning
1226,Steven Nash,Mia Patel,John Smith,31-60,Morning
1227,Steven Nelson,Mia Patel,Olivia Tan,>90,Morning
1228,Steven Sanders,Mia Patel,John Smith,31-60,Morning
1229,Steven Wall,Zoe Yamamoto,Emily Chen,>90,Afternoon
1230,Steven Wilson,Nathan Patel,Jennifer Nguyen,On Job Training,Evening
1231,Summer Mitchell,Sophia Sato,John Smith,0-30,Morning
1232,Susan Cook,Zoe Yamamoto,John Smith,>90,Afternoon
1233,Susan Francis,Sophia Sato,John Smith,0-30,Morning
1234,Susan Hendrix,Carter Park,William Kim,On Job Training,Evening
1235,Susan Johnson,Emily Yamashita,Olivia Tan,>90,Morning
1236,Susan Salazar,Carter Park,Jennifer Nguyen,On Job Training,Evening
1237,Susan Wolf,Emma Park,John Smith,31-60,Morning
1238,Sydney Taylor,Harper Wong,William Kim,On Job Training,Evening
1239,Tabitha Ayala,Amelia Tanaka,Michael Lee,31-60,Evening
1240,Tamara Washington,Elijah Yamaguchi,John Smith,>90,Evening
1241,Tammy Brewer,Layla Taniguchi,Emily Chen,>90,Morning
1242,Tammy Clark,Aiden Patel,Olivia Tan,On Job Training,Evening
1243,Tammy Cochran,Madison Kim,John Smith,>90,Split
1244,Tammy Garcia,Jackson Park,William Kim,On Job Training,Evening
1245,Tammy Gould,Ava Wong,Jennifer Nguyen,On Job Training,Morning
1246,Tammy Lane,Noah Patel,Emily Chen,>90,Afternoon
1247,Tammy Mcneil,Austin Johnson,Michael Lee,0-30,Morning
1248,Tammy Rojas,Mia Patel,Olivia Tan,>90,Morning
1249,Tammy Thomas,Ethan Nakamura,Jennifer Nguyen,On Job Training,Morning
1250,Tanner Snyder,Jackson Park,Olivia Tan,>90,Morning
1251,Taylor Frederick,Mia Patel,William Kim,On Job Training,Evening
1252,Taylor Harvey,Emily Yamashita,John Smith,>90,Morning
1253,Taylor Nelson,Zoe Yamamoto,Emily Chen,>90,Afternoon
1254,Teresa George,Mason Gupta,Jennifer Nguyen,On Job Training,Morning
1255,Teresa Gilbert,Scarlett Chen,John Smith,0-30,Morning
1256,Teresa Nolan,Ava Wong,Olivia Tan,>90,Morning
1257,Terri Carr,Brayden Wong,Michael Lee,>90,Afternoon
1258,Terri Lopez,Dylan Kim,Jennifer Nguyen,On Job Training,Evening
1259,Terri Nelson,Sophia Sato,John Smith,0-30,Morning
1260,Terry Young,Madison Kim,Michael Lee,31-60,Evening
1261,Theresa Brown,Brayden Wong,Michael Lee,>90,Afternoon
1262,Theresa Moore,Logan Lee,Jennifer Nguyen,On Job Training,Evening
1263,Theresa Perry,Jacob Sato,Emily Chen,0-30,Morning
1264,Theresa Russell,Nathan Patel,Michael Lee,>90,Afternoon
1265,Theresa Stewart,Madison Kim,John Smith,>90,Morning
1266,Theresa Wilson,Emma Park,John Smith,31-60,Afternoon
1267,Thomas Adams,Ava Wong,William Kim,On Job Training,Evening
1268,Thomas Blair,Noah Patel,Michael Lee,>90,Morning
1269,Thomas Hayes,William Park,Jennifer Nguyen,On Job Training,Morning
1270,Thomas Lewis,Aiden Patel,John Smith,31-60,Morning
1271,Thomas Martin,Wyatt Kim,Jennifer Nguyen,On Job Training,Morning
1272,Thomas Waters,Sophia Sato,John Smith,>90,Afternoon
1273,Thomas White,Carter Park,Jennifer Nguyen,On Job Training,Evening
1274,Thomas Wiggins,Emily Yamashita,William Kim,On Job Training,Evening
1275,Tiffany Baldwin,Ava Wong,William Kim,On Job Training,Evening
1276,Tiffany Bates,Layla Taniguchi,Olivia Tan,>90,Morning
1277,Tiffany Smith,Mia Patel,Emily Chen,61-90,Evening
1278,Tim Mcintosh II,Olivia Suzuki,Jennifer Nguyen,On Job Training,Morning
1279,Timothy Bailey,Mason Gupta,Olivia Tan,>90,Afternoon
1280,Timothy Butler,Elijah Yamaguchi,Michael Lee,>90,Afternoon
1281,Timothy Cline,Wyatt Kim,Jennifer Nguyen,On Job Training,Morning
1282,Timothy Fernandez,Madison Kim,John Smith,31-60,Morning
1283,Timothy Frederick,Brayden Wong,Michael Lee,>90,Afternoon
1284,Timothy Grant,William Park,John Smith,31-60,Morning
1285,Timothy Green,Mia Patel,William Kim,On Job Training,Evening
1286,Timothy Henry,William Park,John Smith,31-60,Morning
1287,Timothy Huber,Sophia Sato,John Smith,0-30,Morning
1288,Timothy Huff,Aiden Patel,John Smith,>90,Morning
1289,Timothy Johnson,Amelia Tanaka,Emily Chen,>90,Morning
1290,Timothy Scott,Zoe Yamamoto,William Kim,On Job Training,Morning
1291,Timothy Taylor,Sophia Sato,John Smith,0-30,Morning
1292,Timothy Wilson,Carter Park,Jennifer Nguyen,On Job Training,Morning
1293,Tina Carroll,Layla Taniguchi,Emily Chen,>90,Morning
1294,Tina Garza,Noah Patel,Michael Lee,>90,Morning
1295,Tina Harrington,Carter Park,Michael Lee,>90,Morning
1296,Tina Ramirez,Zoe Yamamoto,John Smith,>90,Morning
1297,Tina Roberts,Wyatt Kim,Michael Lee,31-60,Evening
1298,Todd Bennett,Carter Park,Jennifer Nguyen,On Job Training,Evening
1299,Todd Floyd,Ethan Nakamura,Emily Chen,0-30,Evening
1300,Tommy Davies,Ava Wong,Olivia Tan,>90,Evening
1301,Toni Rodriguez,Dylan Kim,Michael Lee,>90,Morning
1302,Tony Jones,Lily Chen,Michael Lee,31-60,Evening
1303,Tonya Watts,Aiden Patel,Olivia Tan,On Job Training,Evening
1304,Tracey Malone,Carter Park,Michael Lee,>90,Morning
1305,Tracey Park,William Park,Jennifer Nguyen,On Job Training,Morning
1306,Tracy Dickerson MD,Landon Tanaka,Emily Chen,>90,Morning
1307,Tracy Weaver,Olivia Wang,Emily Chen,31-60,Evening
1308,Travis Gardner,Evelyn Kimura,John Smith,0-30,Morning
1309,Travis Jones,Jacob Sato,Jennifer Nguyen,On Job Training,Morning
1310,Trevor Turner,Olivia Wang,Emily Chen,31-60,Evening
1311,Trevor Villarreal,Elijah Yamaguchi,Michael Lee,31-60,Morning
1312,Tristan Holt,Emma Park,John Smith,61-90,Afternoon
1313,Troy Nguyen,Amelia Tanaka,Emily Chen,>90,Morning
1314,Tyler Arroyo,Scarlett Chen,John Smith,0-30,Morning
1315,Tyler Duran,Evelyn Kimura,Jennifer Nguyen,On Job Training,Evening
1316,Tyler Miller,Emma Park,John Smith,31-60,Morning
1317,Veronica Anderson,Zoe Yamamoto,John Smith,>90,Morning
1318,Veronica Choi,Noah Patel,Michael Lee,31-60,Night
1319,Veronica Howell,Elijah Yamaguchi,John Smith,>90,Evening
1320,Veronica Martinez,William Park,John Smith,61-90,Evening
1321,Veronica Smith,Carter Park,Jennifer Nguyen,On Job Training,Morning
1322,Veronica Wallace,Abigail Suzuki,Jennifer Nguyen,On Job Training,Evening
1323,Vicki Collins,Dylan Kim,Michael Lee,>90,Morning
1324,Vicki Moon,Zoe Yamamoto,John Smith,>90,Afternoon
1325,Victor Rivera,Lily Chen,Michael Lee,>90,Evening
1326,Victoria Anderson,Wyatt Kim,Jennifer Nguyen,On Job Training,Morning
1327,Victoria Butler,Abigail Suzuki,Jennifer Nguyen,On Job Training,Morning
1328,Victoria Collins,Isabella Wong,Emily Chen,>90,Split
1329,Victoria Douglas,Charlotte Suzuki,Jennifer Nguyen,On Job Training,Evening
1330,Victoria Scott,Ava Wong,Jennifer Nguyen,On Job Training,Morning
1331,Victoria Tran,Logan Lee,William Kim,On Job Training,Morning
1332,Vincent Hayes,Emma Park,Jennifer Nguyen,On Job Training,Evening
1333,Vincent Nguyen,Elijah Yamaguchi,Michael Lee,31-60,Afternoon
1334,Virginia Caldwell,Lily Chen,Michael Lee,>90,Morning
1335,Virginia Collins,Charlotte Suzuki,William Kim,On Job Training,Morning
1336,Virginia Diaz,Evelyn Kimura,John Smith,0-30,Morning
1337,Virginia Hoffman,Olivia Suzuki,Jennifer Nguyen,On Job Training,Morning
1338,Virginia Lane,Sophia Sato,John Smith,>90,Split
1339,Virginia Mccormick,Zoe Yamamoto,John Smith,>90,Morning
1340,Walter Decker,Madison Kim,John Smith,>90,Morning
1341,Wanda Kelly,Logan Lee,Jennifer Nguyen,On Job Training,Morning
1342,Wayne Jimenez,Isabella Wong,Emily Chen,>90,Evening
1343,Wendy Anderson,Harper Wong,William Kim,On Job Training,Evening
1344,Wendy Church,Wyatt Kim,Michael Lee,31-60,Evening
1345,Wendy Lang,Sophia Sato,John Smith,>90,Afternoon
1346,Wendy Mitchell,Nathan Patel,Jennifer Nguyen,On Job Training,Evening
1347,Wendy Taylor,Madison Kim,Michael Lee,31-60,Evening
1348,Wesley Meyer,Zoe Yamamoto,John Smith,>90,Morning
1349,Whitney Cross DVM,Charlotte Suzuki,Jennifer Nguyen,On Job Training,Evening
1350,Whitney James,Noah Patel,Emily Chen,>90,Afternoon
1351,Whitney Wheeler,Lucas Singh,John Smith,>90,Evening
1352,William Austin,Olivia Suzuki,Jennifer Nguyen,On Job Training,Evening
1353,William Brown,Madison Kim,John Smith,>90,Morning
1354,William Carey DVM,William Park,John Smith,61-90,Evening
1355,William Gallagher,Jackson Park,John Smith,>90,Morning
1356,William Hall,Isabella Wong,John Smith,>90,Morning
1357,William Little MD,Evelyn Kimura,John Smith,0-30,Morning
1358,William Melton,Jackson Park,Michael Lee,31-60,Evening
1359,William Morris,Ethan Tan,John Smith,>90,Morning
1360,William Mueller,Mia Yamamoto,Jennifer Nguyen,On Job Training,Morning
1361,William Munoz,Zoe Yamamoto,Emily Chen,>90,Split
1362,William Scott,Evelyn Kimura,Jennifer Nguyen,On Job Training,Evening
1363,William Townsend,Mason Gupta,Jennifer Nguyen,On Job Training,Morning
1364,Willie Flores,Oliver Nguyen,John Smith,>90,Morning
1365,Xavier Little,Austin Johnson,William Kim,On Job Training,Morning
1366,Yesenia Bowers,Ava Wong,William Kim,On Job Training,Evening
1367,Zachary Collins,Jacob Sato,Jennifer Nguyen,On Job Training,Morning
1368,Zachary Ford,Ava Wong,William Kim,On Job Training,Evening
1369,Zachary Reyes,Madison Kim,John Smith,>90,Morning
1370,Zachary Simpson,Mia Patel,Emily Chen,61-90,Evening
